SiteID,County,City,DBA,Licensee,PremisesStreet,PremisesCityState,LicenseNumber,LicenseType,Status,IssueDate,EffectiveDate,ExpiryDate
22790,Fayette,Lexington,21c Museum Hotel Lexington,167 MAIN HOTEL LLC ,167 W Main St,"Lexington, KY 40507",034-NQ2-2920,NQ2 Retail Drink License,Active,01/29/2016,01/29/2016,11/30/2023
26561,Fayette,Lexington,A Cup of Common Wealth,A Cup of Common Wealth LLC ,105 Eastern Ave,"Lexington, KY 40508",034-NQ4-191200,NQ4 Retail Malt Beverage Drink License,Active,06/28/2022,06/28/2022,11/30/2023
5119,Fayette,Lexington,A P Suggins Bar And Grill,"ROMANY RESTAURANTS, INC. ",345 Romany Rd,"Lexington, KY 40502",034-NQ2-1002,NQ2 Retail Drink License,Active,05/13/2013,06/25/2013,08/31/2023
28033,Fayette,Lexington,Agave & Rye Epic Tacos,Agave & Rye Lexington LLC ,3535 Nicholasville Rd,"Lexington, KY 40503",034-NQ2-3989,NQ2 Retail Drink License,Active,06/17/2019,06/17/2019,11/30/2023
19206,Fayette,Lexington,Agave and Rye,A&R Lexington Square LLC ,123 N Broadway,"Lexington, KY 40507",034-NQ2-182985,NQ2 Retail Drink License,Active,05/11/2021,05/11/2021,11/30/2023
4347,Fayette,Lexington,Al's Bar,"Road Soda, LLC ",601 N Limestone,"Lexington, KY 40508",034-NQ4-4537,NQ4 Retail Malt Beverage Drink License,Active,08/19/2019,08/19/2019,11/30/2023
16012,Fayette,Lexington,Alltech's Lexington Brewing & Distilling Company,"Alltech's Beverage Division, LLC ",475 Angliana Ave,"Lexington, KY 40508",034-NQ2-160056,NQ2 Retail Drink License,Active,02/27/2020,02/26/2020,08/31/2023
289,Fayette,Lexington,Alltech's Lexington Brewing and Distilling Co.,"Alltech's Beverage Division, LLC ",401 Cross St,"Lexington, KY 40508",034-NQ2-3918,NQ2 Retail Drink License,Active,03/01/2019,02/28/2019,08/31/2023
31761,Fayette,Lexington,American Legion Federal Post 313,"""FEDERAL POST NO. 313, THE AMERICAN LEGION, DEPARTMENT OF KENTUCKY, INC."" ",1794 Bryan Station Rd,"Lexington, KY 40505",034-NQ3-185408,NQ3 Retail Drink License,Active,08/03/2021,08/03/2021,11/30/2023
24823,Fayette,Lexington,Anthony Vince Nail Spa,Creation-By-Lam Inc. ,122 Marion St 120,"Lexington, KY 40517",034-NQ4-159154,NQ4 Retail Malt Beverage Drink License,Active,01/31/2020,01/31/2020,11/30/2023
28306,Fayette,Lexington,Apollo Pizza Meadowthorpe Taproom,"DANCING DAYS, LLC ",1451 Leestown Rd,"Lexington, KY 40511",034-NQ2-4039,NQ2 Retail Drink License,Active,07/25/2019,07/25/2019,11/30/2023
10786,Fayette,Lexington,Applebees Neighborhood Grill & Bar,RMH FRANCHISE CORPORATION ,1761 Sharkey Way,"Lexington, KY 40511",034-NQ2-2415,NQ2 Retail Drink License,Active,02/18/2014,02/18/2014,08/31/2023
18042,Fayette,Lexington,Arcadium,"BUYTHEBARREL, LLC ",574 N Limestone,"Lexington, KY 40508",034-NQ4-2298,NQ4 Retail Malt Beverage Drink License,Active,05/13/2013,06/25/2013,11/30/2023
13413,Fayette,Lexington,Archa Nine Thai Kitchen,"YOU-WE 168, LLC ",162 Old Todds Rd Ste 110,"Lexington, KY 40509",034-NQ2-3147,NQ2 Retail Drink License,Active,10/10/2016,10/10/2016,11/30/2023
4847,Fayette,Lexington,Arirang Gardens,"DONOHO RESTAURANT, LLC ",109 Mount Tabor Rd,"Lexington, KY 40517",034-NQ2-1486,NQ2 Retail Drink License,Active,05/13/2013,06/25/2013,11/30/2023
5669,Fayette,Lexington,Asian Wind Restaurant,WEI CORPORATION ,3735 Harrodsburg Rd #4,"Lexington, KY 40513",034-NQ2-1919,NQ2 Retail Drink License,Active,05/13/2013,06/25/2013,11/30/2023
33311,Fayette,Lexington,Athens Lunchroom,"FB Consulting, LLC ",6270 Athens Walnut Hill Pike,"Lexington, KY 40515",034-NQ2-186376,NQ2 Retail Drink License,Active,09/27/2021,09/27/2021,11/30/2023
6345,Fayette,Lexington,Austin City Saloon,KILLER B. LLC ,2350 Woodhill Dr Ste 100,"Lexington, KY 40509",034-NQ4-3421,NQ4 Retail Malt Beverage Drink License,Active,11/30/2015,12/01/2015,11/30/2023
11001,Fayette,Lexington,Azur,"ABCF & M, LLC ",3070 Lakecrest Cir Ste 550,"Lexington, KY 40513",034-NQ2-1468,NQ2 Retail Drink License,Active,05/13/2013,06/25/2013,11/30/2023
14314,Fayette,Lexington,B.C. Roosters,Lexington Roosters LLC ,124 Marketplace Dr,"Lexington, KY 40503",034-NQ2-1892,NQ2 Retail Drink License,Active,05/13/2013,06/25/2013,11/30/2023
4764,Fayette,Lexington,B.C. Roosters,Richmond Rd. Chicken Coop LLC ,2640 Richmond Rd,"Lexington, KY 40509",034-NQ2-182720,NQ2 Retail Drink License,Active,05/04/2021,05/04/2021,11/30/2023
9476,Fayette,Lexington,Backstretch Bar & Grill,Davis & Sons LLC ,1784 Bryan Station Rd,"Lexington, KY 40505",034-NQ4-2325,NQ4 Retail Malt Beverage Drink License,Active,05/13/2013,06/25/2013,11/30/2023
29514,Fayette,LEXINGTON,bandido taqueria mexicana,"ESLORE, LLC ",535 S Upper St Ste 145,"LEXINGTON, KY 40508",034-NQ4-188747,NQ4 Retail Malt Beverage Drink License,Active,02/08/2022,02/08/2022,11/30/2023
33963,Fayette,Lexington,Bang-A-Chain,Bang A Chain LLC ,145 Burt Rd Ste 11,"Lexington, KY 40503",034-NQ4-190054,NQ4 Retail Malt Beverage Drink License,Active,04/19/2022,04/19/2022,11/30/2023
4897,Fayette,Lexington,Bangkok House,"BANGKOK HOUSE, INC. ",275 Euclid Ave,"Lexington, KY 40508",034-NQ4-4069,NQ4 Retail Malt Beverage Drink License,Active,01/26/2018,01/26/2018,11/30/2023
5381,Fayette,Lexington,Banners,"HOME RUN, LLC ",3650 Boston Rd Ste A,"Lexington, KY 40514",034-NQ2-3940,NQ2 Retail Drink License,Active,04/04/2019,04/04/2019,11/30/2023
24419,Fayette,Lexington,Bar Ona,Church Street L.L.C. ,108 Church St,"Lexington, KY 40507",034-NQ4-3782,NQ4 Retail Malt Beverage Drink License,Active,04/03/2017,04/03/2017,11/30/2023
13575,Fayette,Lexington,Barrel House Distilling Company,"WOODSHED BEVERAGE, LLC ",1200 Manchester St Bldg 9,"Lexington, KY 40508",034-NQ2-3403,NQ2 Retail Drink License,Active,07/10/2017,06/29/2017,11/30/2023
31537,Fayette,Lexington,Base249,"249 OnTap, LLC ",249 E Main St,"Lexington, KY 40507",034-NQ4-181870,NQ4 Retail Malt Beverage Drink License,Active,04/21/2021,04/21/2021,11/30/2023
34296,Fayette,Lexington,Battle Axes Entertainment,"BATTLE AXES, LLC ",164 Turner Commons Way Ste 110,"Lexington, KY 40511",034-NQ4-190805,NQ4 Retail Malt Beverage Drink License,Active,06/04/2022,06/04/2022,11/30/2023
12222,Fayette,Lexington,Bd's Mongolian Grill,LEXINGTON MONGOS LLC ,2309 Sir Barton Way,"Lexington, KY 40509",034-NQ2-1519,NQ2 Retail Drink License,Active,05/13/2013,06/25/2013,11/30/2023
3769,Fayette,Lexington,Bear & The Butcher,"BEHR ENTERPRISES, INC. ",815 Euclid Ave,"Lexington, KY 40502",034-NQ2-3338,NQ2 Retail Drink License,Active,08/23/2017,08/23/2017,11/30/2023
5827,Fayette,Lexington,Beaumont Bar & Grill,"COPLON BEAUMONT, LLC ",3070 Lakecrest Cir Ste 625,"Lexington, KY 40513",034-NQ4-1968,NQ4 Retail Malt Beverage Drink License,Active,05/13/2013,06/25/2013,11/30/2023
30421,Fayette,Lexington,Bella Cafe' and Grille,"BELLA CAFE' AND GRILLE, LLC ",890 E High St,"Lexington, KY 40502",034-NQ2-173664,NQ2 Retail Drink License,Active,12/01/2020,12/01/2020,11/30/2023
5162,Fayette,Lexington,Bella Notte,"BELLA NOTTE, LLC ",3715 Nicholasville Rd,"Lexington, KY 40503",034-NQ2-1042,NQ2 Retail Drink License,Active,05/13/2013,06/25/2013,11/30/2023
18821,Fayette,Lexington,Belle's Bar,Belle's Bar LLC ,152-154 Market St,"Lexington, KY 40507",034-NQ4-2436,NQ4 Retail Malt Beverage Drink License,Active,10/31/2013,10/31/2013,11/30/2023
25207,Fayette,Lexington,Bicycle Face,"Bicycle Face, LLC ",331 E Short St,"Lexington, KY 40507",034-NQ4-3942,NQ4 Retail Malt Beverage Drink License,Active,07/18/2017,07/18/2017,11/30/2023
26130,Fayette,Lexington,Big Blue Bar 3 Inc.,Big Blue Bar 3 Inc. ,1976 Justice Dr,"Lexington, KY 40509",034-NQ2-3607,NQ2 Retail Drink License,Active,04/24/2018,04/24/2018,11/30/2023
31945,Fayette,Lexington,"Big City Pizza Hamburg, LLC",Big City Pizza Hamburg LLC ,2312 Sir Barton Way,"Lexington, KY 40509",034-NQ4-182888,NQ4 Retail Malt Beverage Drink License,Active,05/06/2021,05/06/2021,11/30/2023
32193,Fayette,Lexington,Big Kahuna,Big Kahuna LLC ,904 Liberty Rd,"Lexington, KY 40505",034-NQ4-185155,NQ4 Retail Malt Beverage Drink License,Active,07/16/2021,07/16/2021,11/30/2023
33354,Fayette,Lexington,biscuit belly east main lexington,"Shoffner Family Foods, LLC ",652 E Main St,"Lexington, KY 40508",034-NQ2-188504,NQ2 Retail Drink License,Active,01/26/2022,01/26/2022,11/30/2023
23364,Fayette,Lexington,BJ's Restaurant & Brewhouse,BJ'S RESTAURANT OPERATIONS COMPANY ,3297 Nicholasville Rd,"Lexington, KY 40503",034-NQ2-3022,NQ2 Retail Drink License,Active,06/08/2016,06/08/2016,08/31/2023
24930,Fayette,Lexington,Blaze Pizza AKA Blaze Fast Fire'd Pizza,"MRG PIZZA-KENTUCKY, LLC ",4049 Finn Way Ste 110,"Lexington, KY 40517",034-NQ2-3323,NQ2 Retail Drink License,Active,05/01/2017,05/01/2017,08/31/2023
18561,Fayette,Lexington,Blue Stallion Brewing Company,"Blue Stallion Brewing, LLC ",610 W Third St,"Lexington, KY 40508",034-NQ4-2381,NQ4 Retail Malt Beverage Drink License,Active,07/08/2013,07/08/2013,11/30/2023
25195,Fayette,Lexington,Blue Sushi Sake Grill,"Lexington Blue Sushi, LLC ",105 Summit At Fritz Farm Ste 130,"Lexington, KY 40517",034-NQ2-3371,NQ2 Retail Drink License,Active,08/11/2017,08/11/2017,11/30/2023
19200,Fayette,Lexington,Bluegrass Distillers,"Bluegrass Distillers, LLC ",501 W Sixth St Ste 165,"Lexington, KY 40508",034-NQ2-3397,NQ2 Retail Drink License,Active,07/10/2017,06/29/2017,11/30/2023
4381,Fayette,Lexington,Bluegrass Progressive Club Inc,"THE BLUEGRASS PROGRESSIVE CLUB, INC. ",266 E Second St,"Lexington, KY 40508",034-NQ3-1121,NQ3 Retail Drink License,Active,05/13/2013,06/25/2013,11/30/2023
25239,Fayette,Lexington,Blvd Grill,"ROMANY RESTAURANTS, INC. ",844 Hays Blvd,"Lexington, KY 40509",034-NQ2-3415,NQ2 Retail Drink License,Active,11/30/2017,12/01/2017,08/31/2023
11050,Fayette,Lexington,Bonefish Grill,"BONEFISH GRILL, LLC ",2341 Sir Barton Way,"Lexington, KY 40509",034-NQ2-1543,NQ2 Retail Drink License,Active,05/13/2013,06/25/2013,11/30/2023
30008,Fayette,Lexington,Boone Dogs LLC,Boone Dogs Limited Liability Company ,5902 Old Richmond Rd,"Lexington, KY 40515",034-NQ2-175465,NQ2 Retail Drink License,Active,12/17/2020,12/17/2020,11/30/2023
10994,Fayette,Lexington,Bourbon Library,"DN LEX, LLC ","4000 Versailles Rd, Bg-Fl Ste 202","Lexington, KY 40510",034-NQ2-4094,NQ2 Retail Drink License,Active,11/27/2019,12/01/2019,11/30/2023
10444,Fayette,Lexington,Bourbon n' Toulouse,"BOURBON ON BROADWAY, LLC ",1080 S Broadway Ste 107,"Lexington, KY 40504",034-NQ4-190247,NQ4 Retail Malt Beverage Drink License,Active,04/29/2022,04/29/2022,11/30/2023
11041,Fayette,Lexington,Bourbon N' Toulouse,KJH INC. ,829 Euclid Ave,"Lexington, KY 40502",034-NQ4-1034,NQ4 Retail Malt Beverage Drink License,Active,05/13/2013,06/25/2013,11/30/2023
9936,Fayette,Lexington,Bourbon on Rye,SELTZER LLC ,115 W Main St,"Lexington, KY 40507",034-NQ4-3819,NQ4 Retail Malt Beverage Drink License,Active,04/03/2017,04/03/2017,11/30/2023
17987,Fayette,LEXINGTON,Brick Oven Pizzeria Pub and Grill,BRICK OVEN PIZZERIA LLC ,4379 Old Harrodsburg Rd Ste 110,"LEXINGTON, KY 40513",034-NQ4-176192,NQ4 Retail Malt Beverage Drink License,Active,12/29/2020,12/29/2020,11/30/2023
5130,Fayette,Lexington,Bronte,"BOOKSELLERS ENTERPRISES, LLC ",161 Lexington Green Circle,"Lexington, KY 40503",034-NQ2-1832,NQ2 Retail Drink License,Active,05/13/2013,06/25/2013,11/30/2023
22409,Fayette,Lexington,Broomwagon,Broomwagon LLC ,802 N Limestone,"Lexington, KY 40505",034-NQ4-3410,NQ4 Retail Malt Beverage Drink License,Active,10/06/2015,10/06/2015,11/30/2023
26004,Fayette,Lexington,Brothers Bar and Grill,Brothers Bar and Grill,909 Winchester Rd,"Lexington, KY 40505",034-NQ2-190062,NQ2 Retail Drink License,Active,04/19/2022,04/19/2022,11/30/2023
5250,Fayette,Lexington,BRU Burger Bar,"BRU LEXINGTON, LLC ",3010 Lakecrest Cir,"Lexington, KY 40513",034-NQ2-2368,NQ2 Retail Drink License,Active,11/14/2013,11/14/2013,11/30/2023
22054,Fayette,Lexington,Buddha Lounge,N Enterprise LLC ,109 N Mill St Unit 150,"Lexington, KY 40507",034-NQ2-2797,NQ2 Retail Drink License,Active,07/15/2015,07/15/2015,11/30/2023
5342,Fayette,Lexington,Buffalo Wild Wings #15,"BLAZIN WINGS, INC. ",1080 S Broadway Unit 104,"Lexington, KY 40504",034-NQ2-1201,NQ2 Retail Drink License,Active,03/27/2018,03/27/2018,08/31/2023
347,Fayette,Lexington,Buffalo Wild Wings #49,"BLAZIN WINGS, INC. ",3094 Todds Rd,"Lexington, KY 40508",034-NQ2-1202,NQ2 Retail Drink License,Active,03/27/2018,03/27/2018,08/31/2023
30069,Fayette,Lexington,BurgerFi Lexington - Hamburg,MVPZ AND ME - LEXINGTON Limited Liability Company ,1816 Alysheba Way,"Lexington, KY 40509",034-NQ4-174388,NQ4 Retail Malt Beverage Drink License,Active,12/11/2020,12/11/2020,08/31/2023
21516,Fayette,Lexington,BurgerFi Lexington- Fayette Mall,MVPZ AND ME - LEXINGTON Limited Liability Company ,141 Rojay Dr Ste 110,"Lexington, KY 40503",034-NQ2-2948,NQ2 Retail Drink License,Active,03/08/2016,03/08/2016,08/31/2023
23946,Fayette,Lexington,Campestre,"Altos LX, Inc. ",910 Beaumont Centre Pkwy,"Lexington, KY 40513",034-NQ2-3942,NQ2 Retail Drink License,Active,04/16/2019,04/16/2019,11/30/2023
4449,Fayette,Lexington,Campus Pub,CAMPUS PUB LLC ,393 Waller Ave Unit 18,"Lexington, KY 40504",034-NQ4-1039,NQ4 Retail Malt Beverage Drink License,Active,05/13/2013,06/25/2013,11/30/2023
9551,Fayette,Lexington,Carrabba's Italian Grill,"CARRABBA'S ITALIAN GRILL, LLC ",1881 Plaudit Pl,"Lexington, KY 40509",034-NQ2-1545,NQ2 Retail Drink License,Active,05/13/2013,06/25/2013,11/30/2023
24193,Fayette,Lexington,Carson's,"CARSON'S FOOD & DRINK #1, LLC Limited Liability Company Limited Liability Company",360-362 E Main St,"Lexington, KY 40507",034-NQ2-3202,NQ2 Retail Drink License,Active,12/05/2016,12/05/2016,11/30/2023
11874,Fayette,Lexington,Cellar Bar & Grille,"TC CELLAR, LLC ",3256 Landsdowne Drive Ste 50,"Lexington, KY 40502",034-NQ2-1717,NQ2 Retail Drink License,Active,05/13/2013,06/25/2013,11/30/2023
21710,Fayette,Lexington,Centro Drinks,LOLA HOSPITALITY LLC ,113 Cheapside 1st Floor,"Lexington, KY 40507",034-NQ4-3287,NQ4 Retail Malt Beverage Drink License,Active,09/11/2015,09/11/2015,11/30/2023
19061,Fayette,Lexington,Chase Tap Room/Chase Brewing Company,"NEW REPUBLIC, LLC ",266 Jefferson St,"Lexington, KY 40508",034-NQ4-2568,NQ4 Retail Malt Beverage Drink License,Active,10/02/2013,10/02/2013,11/30/2023
5082,Fayette,Lexington,Cheddar’s Scratch Kitchen 2125,CHEDDAR'S FRANCHISE ACQUISITION LLC ,3604 Walden Dr,"Lexington, KY 40517",034-NQ2-3203,NQ2 Retail Drink License,Active,02/07/2017,02/07/2017,08/31/2023
5679,Fayette,Lexington,Cheetah of Lexington,"Lexington Golf & Travel, LLC ",1101 New Circle Rd Ne,"Lexington, KY 40505",034-NQ4-3210,NQ4 Retail Malt Beverage Drink License,Active,02/20/2015,02/20/2015,11/30/2023
5599,Fayette,Lexington,Chili's Grill & Bar,BRINKER RESTAURANT CORPORATION ,2851 Richmond Rd,"Lexington, KY 40509",034-NQ2-4062,NQ2 Retail Drink License,Active,11/01/2019,11/01/2019,08/31/2023
5924,Fayette,Lexington,Chili's Grill & Bar,BRINKER RESTAURANT CORPORATION ,108 Marketplace Dr,"Lexington, KY 40503",034-NQ2-4063,NQ2 Retail Drink License,Active,11/01/2019,11/01/2019,08/31/2023
7507,Fayette,Lexington,Chinoe Pub & Restaurant,CHINOE PUB & RESTAURANT ,1070 Chinoe Rd/Chinoe Village,"Lexington, KY 40502",034-NQ4-1093,NQ4 Retail Malt Beverage Drink License,Active,05/13/2013,06/25/2013,11/30/2023
1741,Fayette,Lexington,Chipotle Mexican Grill,"CHIPOTLE MEXICAN GRILL OF COLORADO, LLC ",345 S Limestone,"Lexington, KY 40508",034-NQ4-1262,NQ4 Retail Malt Beverage Drink License,Active,05/13/2013,06/25/2013,08/31/2023
10363,Fayette,Lexington,Chipotle Mexican Grill,"CHIPOTLE MEXICAN GRILL OF COLORADO, LLC ",2905 Richmond Rd,"Lexington, KY 40508",034-NQ4-1260,NQ4 Retail Malt Beverage Drink License,Active,05/13/2013,06/25/2013,08/31/2023
10899,Fayette,Lexington,Chipotle Mexican Grill,"CHIPOTLE MEXICAN GRILL OF COLORADO, LLC ",1869 Plaudit Place,"Lexington, KY 40509",034-NQ4-1261,NQ4 Retail Malt Beverage Drink License,Active,05/13/2013,06/25/2013,08/31/2023
23387,Fayette,Lexington,Chipotle Mexican Grill #2429,"CHIPOTLE MEXICAN GRILL OF COLORADO, LLC ",3565 Nicholasville Rd Ste 935,"Lexington, KY 40503",034-NQ2-3025,NQ2 Retail Drink License,Active,05/20/2016,05/20/2016,08/31/2023
5615,Fayette,Lexington,Chuy's,"CHUY'S OPCO, INC. ",1856 Alysheba Way,"Lexington, KY 40509",034-NQ2-3926,NQ2 Retail Drink License,Active,04/19/2019,04/19/2019,08/31/2023
12089,Fayette,Lexington,Chuy's,"CHUY'S OPCO, INC. ",3841 Nicholasville Centre Dr,"Lexington, KY 40503",034-NQ2-1870,NQ2 Retail Drink License,Active,05/13/2013,06/25/2013,08/31/2023
21781,Fayette,Lexington,Cinco de mayo of Lexington 2 Inc,CINCO DE MAYO OF LEXINGTON 2 INC ,3031 Richmond Rd Ste 120,"Lexington, KY 40509",034-NQ2-3218,NQ2 Retail Drink License,Active,12/16/2016,12/16/2016,11/30/2023
20308,Fayette,Lexington,Cinco de Mayo of Lexington Inc,"CINCO DE MAYO OF LEXINGTON, INC. ",122 W Maxwell St,"Lexington, KY 40508",034-NQ2-2446,NQ2 Retail Drink License,Active,04/16/2014,04/16/2014,11/30/2023
26854,Fayette,Lexington,Cinemark Fayette Mall and XD,"CINEMARK USA, INC. ",3800 Mall Rd,"Lexington, KY 40503",034-NQ4-4278,NQ4 Retail Malt Beverage Drink License,Active,12/10/2018,12/10/2018,08/31/2023
17399,Fayette,Lexington,City Barbeque,"CITY BARBEQUE, LLC ",3292 Richmond Rd,"Lexington, KY 40509",034-NQ4-3933,NQ4 Retail Malt Beverage Drink License,Active,08/11/2017,08/11/2017,08/31/2023
21481,Fayette,Lexington,City Barbeque,"CITY BARBEQUE, LLC ",2187 Harrodsburg Rd,"Lexington, KY 40504",034-NQ4-3924,NQ4 Retail Malt Beverage Drink License,Active,08/11/2017,08/11/2017,08/31/2023
9687,Fayette,Lexington,Clamatos,"CLAMATOS, LLC ",2304 Versailles Rd,"Lexington, KY 40504",034-NQ2-1572,NQ2 Retail Drink License,Active,05/13/2013,06/25/2013,11/30/2023
6100,Fayette,Lexington,Clarion Hotel,JSK Investments LLC ,1950 Newtown Pike,"Lexington, KY 40511",034-NQ1-1095,NQ1 Retail Drink License,Active,12/03/2015,12/03/2015,11/30/2023
6532,Fayette,Lexington,Clubhouse,"Clubhouse, LLC ",385 S Limestone,"Lexington, KY 40508",034-NQ4-186315,NQ4 Retail Malt Beverage Drink License,Active,09/22/2021,09/22/2021,11/30/2023
9947,Fayette,Lexington,Cocktails of Lexington,"COCKTAILS OF LEXINGTON, INC. ",3090 Todds Rd Ste 405,"Lexington, KY 40509",034-NQ4-2079,NQ4 Retail Malt Beverage Drink License,Active,05/13/2013,06/25/2013,11/30/2023
21718,Fayette,Lexington,Cocktails Too,"Cocktails of Lexington II, LLC ",130 W Tiverton Way Ste 195,"Lexington, KY 40503",034-NQ4-4074,NQ4 Retail Malt Beverage Drink License,Active,04/05/2018,04/05/2018,11/30/2023
24267,Fayette,Lexington,Coffee Shop and Bar,"LUSSIBROWN, LLC ",114 Church St,"Lexington, KY 40507",034-NQ4-3759,NQ4 Retail Malt Beverage Drink License,Active,06/27/2017,06/27/2017,11/30/2023
5214,Fayette,Lexington,Coles,"TGE Hospitality, Inc. ",735 E Main St,"Lexington, KY 40502",034-NQ2-1914,NQ2 Retail Drink License,Active,05/13/2013,06/25/2013,11/30/2023
4566,Fayette,Lexington,Columbia Steak House,"PENN BROTHERS ENTERPRISES, INC. ",201 - 207 N Limestone,"Lexington, KY 40507",034-NQ2-1534,NQ2 Retail Drink License,Active,05/13/2013,06/25/2013,11/30/2023
5472,Fayette,Lexington,Columbia Steakhouse Grille,"PENN BROTHERS ENTERPRISES, INC. ",2750 Richmond Rd,"Lexington, KY 40509",034-NQ2-1535,NQ2 Retail Drink License,Active,05/13/2013,06/25/2013,11/30/2023
4830,Fayette,Lexington,Comedy Off Broadway,"COMEDY OFF BROADWAY, INC. ",101 Lexington Green Cir,"Lexington, KY 40503",034-NQ4-1852,NQ4 Retail Malt Beverage Drink License,Active,05/13/2013,06/25/2013,11/30/2023
24824,Fayette,Lexington,Condado Tacos,CONDADO TACOS 34 LLC ,114 Summit At Fritz Farm Ste 110,"Lexington, KY 40517",034-NQ2-185924,NQ2 Retail Drink License,Active,08/31/2021,08/31/2021,11/30/2023
12889,Fayette,Lexington,Copper Roux (Restaurant),"BAYOU BLUEGRASS CATERING, L.L.C. ",861 S Broadway,"Lexington, KY 40504",034-NQ2-2698,NQ2 Retail Drink License,Active,03/12/2015,03/12/2015,11/30/2023
32216,Fayette,Lexington,CORRAL EVENT CENTER & RESTAURANT,J.R. PROMOTIONS LLC ,3130 Mapleleaf Dr,"Lexington, KY 40509",034-NQ2-185165,NQ2 Retail Drink License,Active,07/16/2021,07/16/2021,11/30/2023
9813,Fayette,Lexington,Corto Lima,Corto Lima LLC ,101 W Short St aka 127-129 N Limestone St,"Lexington, KY 40507",034-NQ2-3241,NQ2 Retail Drink License,Active,01/27/2017,01/27/2017,11/30/2023
16520,Fayette,Lexington,Country Boy Brewing,"COUNTRY BOY BREWING, L.L.C. ",436 Chair Ave,"Lexington, KY 40508",034-NQ4-188064,NQ4 Retail Malt Beverage Drink License,Active,01/11/2022,01/11/2022,11/30/2023
18553,Fayette,Lexington,County Club,"SPORTSMAN RESTAURANT, LLC ",555 Jefferson St,"Lexington, KY 40508",034-NQ2-2350,NQ2 Retail Drink License,Active,10/31/2013,10/31/2013,11/30/2023
1346,Fayette,Lexington,Courtyard by Marriott,RAINMAKER HOSPITALITY INC ,1951 Pleasant Ridge Dr,"Lexington, KY 40509",034-NQ4-4659,NQ4 Retail Malt Beverage Drink License,Active,12/03/2019,12/03/2019,08/31/2023
4043,Fayette,Lexington,Courtyard Lexington North,"AIMBRIDGE HOSPITALITY, LLC ",775 Newtown Ct,"Lexington, KY 40511",034-NQ2-3508,NQ2 Retail Drink License,Active,12/05/2017,12/05/2017,08/31/2023
3771,Fayette,Lexington,Cowboy's,"KING-KELLY, INC. ",1515 Russell Cave Rd,"Lexington, KY 40505",034-NQ4-1068,NQ4 Retail Malt Beverage Drink License,Active,05/13/2013,06/25/2013,11/30/2023
29932,Fayette,Lexington,Cracker Barrel Old Country Store #19 Lexington-Stanton,"CRACKER BARREL OLD COUNTRY STORE, INC. ",1927 Stanton Way,"Lexington, KY 40511",034-NQ2-165534,NQ2 Retail Drink License,Active,08/03/2020,08/03/2020,08/31/2023
29933,Fayette,Lexington,Cracker Barrel Old Country Store #77 Lexington-Elkhorn,"CRACKER BARREL OLD COUNTRY STORE, INC. ",2220 Elkhorn Rd,"Lexington, KY 40505",034-NQ2-163485,NQ2 Retail Drink License,Active,06/17/2020,06/17/2020,08/31/2023
10196,Fayette,Lexington,Craft Tap & Grill,CKRG Campus LLC ,503 S Upper St,"Lexington, KY 40508",034-NQ2-3803,NQ2 Retail Drink License,Active,12/07/2018,12/07/2018,11/30/2023
25040,Fayette,Lexington,Crank & Boom Craft Ice Cream,"THAI ORCHID CAFE, INC. ",3101 Clays Mill Rd Ste 301,"Lexington, KY 40503",034-NQ2-165523,NQ2 Retail Drink License,Active,08/03/2020,08/03/2020,08/31/2023
21720,Fayette,Lexington,Crank & Boom Ice Cream,"THAI ORCHID CAFE, INC. ",1210 Manchester St,"Lexington, KY 40504",034-NQ2-2808,NQ2 Retail Drink License,Active,09/25/2015,09/25/2015,08/31/2023
14719,Fayette,Lexington,Creaux,"Holiday, LLC ",310 W Short St,"Lexington, KY 40507",034-NQ4-4007,NQ4 Retail Malt Beverage Drink License,Active,12/01/2017,12/01/2017,11/30/2023
1602,Fayette,Lexington,Crossings Lexington,Rugged Cross LLC ,117 N Limestone,"Lexington, KY 40507",034-NQ4-4520,NQ4 Retail Malt Beverage Drink License,Active,07/17/2019,07/17/2019,11/30/2023
25096,Fayette,Lexington,CRU Food & Wine Bar,CRU Fritz Farm LLC ,107 Summit At Fritz Farm Ste 120,"Lexington, KY 40517",034-NQ2-3375,NQ2 Retail Drink License,Active,07/06/2017,07/06/2017,11/30/2023
14957,Fayette,Lexington,Distilled,"Distilled, LLC ",157 Jefferson St,"Lexington, KY 40508",034-NQ2-175936,NQ2 Retail Drink License,Active,12/26/2020,12/26/2020,11/30/2023
5002,Fayette,Lexington,Diva's,"Gentleman's Limited, LLC ",1318 Russell Cave Rd,"Lexington, KY 40505",034-NQ4-189758,NQ4 Retail Malt Beverage Drink License,Active,03/31/2022,03/31/2022,11/30/2023
16175,Fayette,Lexington,Dong Yang Market,"SUN SHAN FOODS, INC Corporation ",3101 Clays Mill Rd Ste 102,"Lexington, KY 40503",034-NQ2-2818,NQ2 Retail Drink License,Active,09/22/2015,09/22/2015,11/30/2023
25273,Fayette,Lexington,Double Dogs,"HALF BAKED, LLC ",1916 Justice Dr Ste 130,"Lexington, KY 40509",034-NQ2-3423,NQ2 Retail Drink License,Active,08/30/2017,08/30/2017,11/30/2023
18980,Fayette,Lexington,Double H BBQ,"Double H BBQ, LLC ",1244 Versailles Rd,"Lexington, KY 40508",034-NQ2-3282,NQ2 Retail Drink License,Active,04/19/2017,04/19/2017,11/30/2023
5665,Fayette,Lexington,Doubletree Guest Suites,"RBHV LEXINGTON, LLC ",2601 Richmond Rd,"Lexington, KY 40509",034-NQ2-159545,NQ2 Retail Drink License,Active,11/12/2019,12/01/2019,11/30/2023
28915,Fayette,Lexington,Drake's,"BHG LEXINGTON #2, LLC ",1880 Pleasant Ridge Dr,"Lexington, KY 40509",034-NQ2-4124,NQ2 Retail Drink License,Active,11/26/2019,11/26/2019,11/30/2023
34368,Fayette,Lexington,Drake's ,"BHG LEXINGTON #3, LLC ",1735 Sharkey Way,"Lexington, KY 40511",034-NQ2-193350,NQ2 Retail Drink License,Active,10/20/2022,10/20/2022,11/30/2023
14694,Fayette,Lexington,Dudley's On Short,"DUDLEY'S RESTAURANT, INC. ",259 W Short St,"Lexington, KY 40507",034-NQ2-1673,NQ2 Retail Drink License,Active,05/13/2013,06/25/2013,11/30/2023
4585,Fayette,Lexington,Durango's Inc,"DURANGO'S, INC. ",2121 Richmond Rd Ste 150 Idle Hour Center,"Lexington, KY 40502",034-NQ2-1571,NQ2 Retail Drink License,Active,05/13/2013,06/25/2013,11/30/2023
29715,Fayette,Lexington,Earls Beer Depot,Earl's Beer Depot LLC ,401 E Fifth St,"Lexington, KY 40508",034-NQ4-181556,NQ4 Retail Malt Beverage Drink License,Active,04/15/2021,04/15/2021,11/30/2023
28636,Fayette,Lexington,East End Tap and Table,"The Wiley Restaurant Group, LLC ",333 E Main St Ste 180,"Lexington, KY 40507",034-NQ4-4661,NQ4 Retail Malt Beverage Drink License,Active,09/25/2019,09/25/2019,11/30/2023
12298,Fayette,Lexington,El Asadero Mexican Grill Kentucky,El asadero mexican grill LLC ,144 Rojay Dr,"Lexington, KY 40503",034-NQ2-193937,NQ2 Retail Drink License,Active,12/06/2022,12/06/2022,11/30/2023
33068,Fayette,Lexington,El Azteca Mexican Grill,"El Azteca Mexican Grill, LLC ",1060 Chinoe Rd Ste 104,"Lexington, KY 40502",034-NQ2-185834,NQ2 Retail Drink License,Active,08/25/2021,08/25/2021,11/30/2023
13161,Fayette,Lexington,El Charro Authentic Mexican Cuisine,"El Charro Authentic Mexican Cuisine, LLC ",4371 Old Harrodsburg Rd Ste 180/190,"Lexington, KY 40513",034-NQ2-2032,NQ2 Retail Drink License,Active,05/13/2013,06/25/2013,11/30/2023
21211,Fayette,Lexington,El Charro Authentic Mexican Cuisine,"El Charro Authentic Mexican Cuisine, LLC ",3090 Helmsdale Pl Ste 260,"Lexington, KY 40509",034-NQ2-187088,NQ2 Retail Drink License,Active,11/17/2021,11/17/2021,11/30/2023
4689,Fayette,Lexington,El cid,Gardenia?s llc,701 National Ave,"Lexington, KY 40502",034-NQ2-183743,NQ2 Retail Drink License,Active,06/01/2021,06/01/2021,11/30/2023
15731,Fayette,Lexington,El Gran Tako,"El Gran Tako, LLC ",1801 Alexandria Dr Ste 156,"Lexington, KY 40504",034-NQ2-3702,NQ2 Retail Drink License,Active,06/12/2018,06/12/2018,11/30/2023
28027,Fayette,Lexington,El Gran Tako LLC,"El Gran Tako, LLC ",340 E New Circle Rd Ste 100,"Lexington, KY 40511",034-NQ4-4525,NQ4 Retail Malt Beverage Drink License,Active,05/28/2019,05/28/2019,11/30/2023
9953,Fayette,Lexington,El Huarache,"El Huarache, LLC ",1316 Russell Cave Rd,"Lexington, KY 40505",034-NQ4-4276,NQ4 Retail Malt Beverage Drink License,Active,12/11/2018,12/11/2018,11/30/2023
23646,Fayette,Lexington,El Malecon,EL MALECON MEXICAN SEA FOOD LLC ,481 W New Circle Rd Suite 180,"Lexington, KY 40511",034-NQ2-3073,NQ2 Retail Drink License,Active,09/22/2016,09/22/2016,11/30/2023
13574,Fayette,Lexington,El Mariachi Mexican Restaurant,"J & D RESTAURANT, LLC ",125 Town Center Dr Ste 115,"Lexington, KY 40511",034-NQ2-1020,NQ2 Retail Drink License,Active,05/13/2013,06/25/2013,11/30/2023
29997,Fayette,Lexington,El Mariachi Mexican Restaurant #2,"H&D Restaurant, Inc. ",1916 Justice Dr,"Lexington, KY 40509",034-NQ2-165128,NQ2 Retail Drink License,Active,07/27/2020,07/27/2020,11/30/2023
11408,Fayette,Lexington,El Milagro Dos,ESPARZA ENTERPRISES INC ,1545 Alexandria Dr Ste 1,"Lexington, KY 40504",034-NQ4-1710,NQ4 Retail Malt Beverage Drink License,Active,05/13/2013,06/25/2013,11/30/2023
5441,Fayette,Lexington,El Patio,EL PATIO #1 LLC ,2628 Richmond Rd,"Lexington, KY 40509",034-NQ2-191633,NQ2 Retail Drink License,Active,07/25/2022,07/25/2022,11/30/2023
15595,Fayette,Lexington,El Patron,"SANDRA OLMEDO-PELAEZ, LLC ",1765 Alexandria Dr,"Lexington, KY 40504",034-NQ2-3542,NQ2 Retail Drink License,Active,01/03/2018,01/03/2018,08/31/2023
14307,Fayette,Lexington,EL RANCHO TAPATIO,"El Rancho Tapatio, LLC ",144 Burt Rd,"Lexington, KY 40503",034-NQ2-179247,NQ2 Retail Drink License,Active,03/08/2021,03/08/2021,11/30/2023
15305,Fayette,Lexington,El Rey Pollos & El Rey Mariscos,"CALZADA ENTERPRISES, INC. ",1485 Alexandria Dr,"Lexington, KY 40504",034-NQ4-2689,NQ4 Retail Malt Beverage Drink License,Active,11/07/2013,11/07/2013,11/30/2023
1800,Fayette,Lexington,El Sabroso,"EL SABROSO, Inc. ",1445 Village Dr,"Lexington, KY 40504",034-NQ4-3269,NQ4 Retail Malt Beverage Drink License,Active,05/14/2015,05/14/2015,11/30/2023
6432,Fayette,Lexington,El Toro Cantina & Grill,"EL TORO CANTINA & GRILL, INC. ",1917 Nicholasville Rd,"Lexington, KY 40503",034-NQ2-1052,NQ2 Retail Drink License,Active,05/13/2013,06/25/2013,11/30/2023
29606,Fayette,Lexington,Elixir Downtown,Lexington Holdings Limited Liability Company ,249 W Short St,"Lexington, KY 40507",034-NQ4-163563,NQ4 Retail Malt Beverage Drink License,Active,06/18/2020,06/18/2020,11/30/2023
32658,Fayette,Lexington,Elwood Hotel & Suites; Fiddletree Kitchen & Bar,"1301 LEXINGTON, LLC ",444 Parkway Dr,"Lexington, KY 40504",034-NQ2-185398,NQ2 Retail Drink License,Active,08/02/2021,08/02/2021,11/30/2023
5100,Fayette,Lexington,Embassy Suites,"Crossings F&B, LLC ",245 Lexington Green Cir,"Lexington, KY 40503",034-NQ2-193365,NQ2 Retail Drink License,Active,10/24/2022,10/24/2022,11/30/2023
5851,Fayette,Lexington,Embassy Suites By Hilton Lexington/ UK Coldstream,ATRIUM HOSPITALITY LP ,1801 Newtown Pike,"Lexington, KY 40511",034-NQ1-1158,NQ1 Retail Drink License,Active,11/08/2019,11/08/2019,08/31/2023
9514,Fayette,Lexington,End Line Cafe,"CPA Equities 2, LLC ",404 Sporting Ct,"Lexington, KY 40503",034-NQ4-184918,NQ4 Retail Malt Beverage Drink License,Active,06/23/2021,06/23/2021,11/30/2023
27699,Fayette,Lexington,End Line Cafe,"CPA Equities 2, LLC ",3025 Blake James Dr,"Lexington, KY 40509",034-NQ4-4437,NQ4 Retail Malt Beverage Drink License,Active,03/20/2019,03/20/2019,11/30/2023
27279,Fayette,Lexington,Eppings on Eastside,"CALIBER GROUP, LLC ",264 Walton Ave,"Lexington, KY 40502",034-NQ2-3857,NQ2 Retail Drink License,Active,12/18/2018,12/18/2018,11/30/2023
20853,Fayette,Lexington,Ethereal Brewing,Empyreal Artisan Ales LLC ,1224 Manchester St Ste 120,"Lexington, KY 40508",034-NQ4-3109,NQ4 Retail Malt Beverage Drink License,Active,11/17/2014,11/17/2014,11/30/2023
31170,Fayette,Lexington,Ethereal Brewing at Cornerstone,Paradiso LLC ,401 S Limestone,"Lexington, KY 40508",034-NQ4-179914,NQ4 Retail Malt Beverage Drink License,Active,03/19/2021,03/19/2021,11/30/2023
29261,Fayette,Lexington,Ethereal Brewing Public House,"The Inferno, LLC ",102 W Vine St,"Lexington, KY 40507",034-NQ4-160910,NQ4 Retail Malt Beverage Drink License,Active,04/06/2020,03/17/2020,11/30/2023
27524,Fayette,Lexington,First Watch Nicholasville Road,"Nicholasville Road FW, LLC ",119 W Reynolds Rd,"Lexington, KY 40503",034-NQ2-3894,NQ2 Retail Drink License,Active,02/14/2019,02/14/2019,11/30/2023
27740,Fayette,Lexington,First watch Richmond Rd,"ONE HOLLAND FW - RICHMOND ROAD, LLC ",2894 Richmond Rd,"Lexington, KY 40509",034-NQ2-3932,NQ2 Retail Drink License,Active,04/16/2019,04/16/2019,11/30/2023
27526,Fayette,Lexington,First Watch South Broadway,"LEX-FW BROADWAY, LLC ",1080 S Broadway Ste 301,"Lexington, KY 40504",034-NQ2-3895,NQ2 Retail Drink License,Active,02/14/2019,02/14/2019,11/30/2023
409,Fayette,Lexington,Fitz's Sports Bar LLC,"FITZ'S SPORTS BAR, LLC ",209 Old Georgetown St,"Lexington, KY 40508",034-NQ4-3760,NQ4 Retail Malt Beverage Drink License,Active,07/03/2017,07/03/2017,11/30/2023
30439,Fayette,Lexington,Frank & Dino's,"Post Time Lexington, LLC ",271 W Short St,"Lexington, KY 40507",034-NQ2-183672,NQ2 Retail Drink License,Active,05/28/2021,05/28/2021,11/30/2023
4924,Fayette,Lexington,French Connections,940 WINCHESTER L.L.C. ,940 Winchester Rd,"Lexington, KY 40505",034-NQ4-4301,NQ4 Retail Malt Beverage Drink License,Active,12/14/2018,12/14/2018,11/30/2023
34853,Fayette,Lexington,Fresh Bourbon,FRESH BOURBON LLC ,377 E Main St Ste 100,"Lexington, KY 40507",034-NQ2-192742,NQ2 Retail Drink License,Active,09/15/2022,09/15/2022,11/30/2023
27427,Fayette,Lexington,Frisch's Big Boy Store No. 148,"FRISCH'S RESTAURANTS, INC. ",1927 Harrodsburg Rd,"Lexington, KY 40503",034-NQ2-191708,NQ2 Retail Drink License,Active,07/27/2022,07/27/2022,08/31/2023
27428,Fayette,Lexington,Frisch's Big Boy Store No. 222,"FRISCH'S RESTAURANTS, INC. ",1849 Alysheba Way,"Lexington, KY 40509",034-NQ2-192523,NQ2 Retail Drink License,Active,09/01/2022,09/01/2022,08/31/2023
25100,Fayette,Lexington,Gallops,"Gallops, Inc. ",5355 Athens Boonesboro Rd,"Lexington, KY 40509",034-NQ4-3915,NQ4 Retail Malt Beverage Drink License,Active,07/31/2017,07/31/2017,11/30/2023
26992,Fayette,Lexington,Ginger Wasabi Sushi & Grill,"GINGER WASABI SUSHI, Inc. ",103 W Maxwell St,"Lexington, KY 40508",034-NQ2-185181,NQ2 Retail Drink License,Active,07/19/2021,07/19/2021,11/30/2023
26429,Fayette,Lexington,Girls Girls Girls Burritos,girlsgirlsgirls LLC ,395 S Limestone Suite 150,"Lexington, KY 40508",034-NQ4-157643,NQ4 Retail Malt Beverage Drink License,Active,01/08/2020,01/07/2020,11/30/2023
5448,Fayette,Lexington,Giuseppe's,"GIUSEPPE'S RISTORANTE ITALIANO, LLC ",4456 Nicholasville Rd,"Lexington, KY 40515",034-NQ2-1485,NQ2 Retail Drink License,Active,05/13/2013,06/25/2013,11/30/2023
15664,Fayette,Lexington,Good Foods Market & Cafe,GOOD FOODS CO-OP INC. ,455 Southland Dr Ste D,"Lexington, KY 40503",034-NQ4-2861,NQ4 Retail Malt Beverage Drink License,Active,12/08/2017,12/08/2017,11/30/2023
22934,Fayette,Lexington,Goodfellas Pizzeria,"GOODFELLAS DISTILLERY, LLC ",1228 Manchester St,"Lexington, KY 40507",034-NQ4-3514,NQ4 Retail Malt Beverage Drink License,Active,12/21/2016,12/21/2016,11/30/2023
23489,Fayette,Lexington,Goodwood Brewing and Spirits,"GOODWOOD BREWING COMPANY, LLC ",200 Lexington Green Cir,"Lexington, KY 40503",034-NQ2-176515,NQ2 Retail Drink License,Active,01/04/2021,01/04/2021,08/31/2023
3838,Fayette,Lexington,Greenbrier Golf & Country Club,"GREENBRIER GOLF AND COUNTRY CLUB, INC. ",2179 Bahama Rd,"Lexington, KY 40509",034-NQ2-1562,NQ2 Retail Drink License,Active,05/13/2013,06/25/2013,11/30/2023
24574,Fayette,Lexington,Grimaldi's Pizzeria,FF PIZZERIA INC. ,118 Marion Ste 110,"Lexington, KY 40517",034-NQ2-3257,NQ2 Retail Drink License,Active,07/14/2017,07/14/2017,11/30/2023
15199,Fayette,Lexington,Grimes Mill Winery,"GRIMES MILL WINERY, LLC ",6707 Grimes Mill Rd,"Lexington, KY 40515",034-NQ4-4629,NQ4 Retail Malt Beverage Drink License,Active,08/28/2019,08/28/2019,11/30/2023
25885,Fayette,Lexington,Gus's World Famous Fried Chicken,"SOUTHERN FRIED HOSPITALITY, LLC ",321 E Vine St,"Lexington, KY 40507",034-NQ2-3547,NQ2 Retail Drink License,Active,10/09/2018,10/09/2018,11/30/2023
30156,Fayette,Lexington,Halligans,Halligans LLC ,1170 Manchester Pl Ste 130,"Lexington, KY 40508",034-NQ4-192883,NQ4 Retail Malt Beverage Drink License,Active,09/21/2022,09/21/2022,11/30/2023
21678,Fayette,Lexington,Hamburg Pavilion Stadium 16,"REGAL CINEMAS, INC. ",1949 Star Shoot Pkwy,"Lexington, KY 40509",034-NQ4-3285,NQ4 Retail Malt Beverage Drink License,Active,08/28/2015,08/28/2015,11/30/2023
27820,Fayette,Lexington,Hampton Inn Lexington,FLG PROPERTIES KENTUCKY LLC ,2251 Elkhorn Rd,"Lexington, KY 40505",034-NQ4-189351,NQ4 Retail Malt Beverage Drink License,Active,03/10/2022,03/10/2022,11/30/2023
10622,Fayette,Lexington,HanWoori Restaurant,"LEXHANWOORI RESTAURANT, LLC ",371 S Limestone St,"Lexington, KY 40508",034-NQ4-3750,NQ4 Retail Malt Beverage Drink License,Active,02/17/2017,02/17/2017,11/30/2023
14166,Fayette,Lexington,Happy Sushi,HAPPY SUSHI LLC ,130 W Tiverton Way Ste 175,"Lexington, KY 40503",034-NQ2-3197,NQ2 Retail Drink License,Active,12/14/2016,12/13/2016,11/30/2023
4834,Fayette,Lexington,Harveys,"HARVEY'S BAR, LLC ",200 W Main St,"Lexington, KY 40507",034-NQ4-1679,NQ4 Retail Malt Beverage Drink License,Active,05/13/2013,06/25/2013,11/30/2023
16306,Fayette,Lexington,Henry Clay's Public House,HC PUBLIC HOUSE LLC ,112 N Upper St,"Lexington, KY 40507",034-NQ4-2063,NQ4 Retail Malt Beverage Drink License,Active,05/13/2013,06/25/2013,11/30/2023
35467,Fayette,Lexington,Highgrove at Tates Creek,"LEXINGTON SENIOR HOUSING, LLC ",4251 Saron Dr,"Lexington, KY 40515",034-NQ3-193583,NQ3 Retail Drink License,Active,11/08/2022,11/08/2022,11/30/2023
5871,Fayette,Lexington,Hilton Lexington Downtown,LEXINGTON HOTEL MANAGMENT LLC ,369 W Vine St,"Lexington, KY 40507",034-NQ1-1064,NQ1 Retail Drink License,Active,05/13/2013,06/25/2013,11/30/2023
33024,Fayette,Lexington,Hola Havana Cuban Mexican Restaurant,Antonio Salvador Palma Guevara,115 N Locust Hill Dr Suite 109B,"Lexington, KY 40509",034-NQ2-186882,NQ2 Retail Drink License,Active,11/01/2021,11/01/2021,11/30/2023
18329,Fayette,Lexington,Holiday Inn Express,"LEESTOWN HOST, LLC ",1780 Sharkey Way,"Lexington, KY 40511",034-NQ4-2338,NQ4 Retail Malt Beverage Drink License,Active,05/13/2013,06/25/2013,11/30/2023
10535,Fayette,Lexington,HOMEWOOD SUITES BY HILTON,VP4 Charleston LLC ,249 Ruccio Way,"Lexington, KY 40503",034-NQ4-193921,NQ4 Retail Malt Beverage Drink License,Active,12/06/2022,12/06/2022,11/30/2023
12823,Fayette,Lexington,Homewood Suites Lexington/Hamburg,"SAT, LLC ",2033 Bryant Rd,"Lexington, KY 40509",034-NQ4-160067,NQ4 Retail Malt Beverage Drink License,Active,02/27/2020,02/26/2020,11/30/2023
24850,Fayette,Lexington,Honeywood Restaurant,"HONEYWOOD RESTAURANT, LLC ",110 Summit At Fritz Farm,"Lexington, KY 40517",034-NQ2-3303,NQ2 Retail Drink License,Active,04/18/2017,04/18/2017,11/30/2023
5693,Fayette,Lexington,Hooters,"DW RESTAURANT HOLDER, LLC ",3101 Richmond Rd Ste 315,"Lexington, KY 40509",034-NQ2-2504,NQ2 Retail Drink License,Active,09/29/2014,09/29/2014,08/31/2023
4050,Fayette,Lexington,Horse & Jockey Pub Kitchen,GLASCORK LLC ,131 Cheapside,"Lexington, KY 40507",034-NQ4-158667,NQ4 Retail Malt Beverage Drink License,Active,01/24/2020,01/24/2020,11/30/2023
17171,Fayette,Lexington,Hot Head Burritos,"ESTEPP'S FRIENDLY SHELL, INC. ",1445 Newtown Center Way Ste 110,"Lexington, KY 40511",034-NQ2-182011,NQ2 Retail Drink License,Active,04/23/2021,04/23/2021,08/31/2023
4044,Fayette,Lexington,Hotel Lex,"Athens Commons, LLC ",5532 Athens Boonesboro Rd,"Lexington, KY 40509",034-NQ4-193020,NQ4 Retail Malt Beverage Drink License,Active,09/29/2022,09/29/2022,11/30/2023
13814,Fayette,Lexington,Hyatt Place Lexington,"SAT, LLC ",2001 Bryant Rd,"Lexington, KY 40509",034-NQ2-160042,NQ2 Retail Drink License,Active,02/27/2020,02/26/2020,11/30/2023
3882,Fayette,Lexington,Hyatt Regency Lexington,"PKY I BEVERAGE SERVICES, LLC ",401 W High St,"Lexington, KY 40507",034-NQ1-1020,NQ1 Retail Drink License,Active,05/13/2013,06/25/2013,11/30/2023
3944,Fayette,Lexington,Idle Hour Country Club,IDLE HOUR COUNTRY CLUB ,1815 Richmond Rd,"Lexington, KY 40502",034-NQ3-1006,NQ3 Retail Drink License,Active,05/13/2013,06/25/2013,11/30/2023
29859,Fayette,Lexington,Italx,"160 W Main, LLC ",160 W Main St,"Lexington, KY 40507",034-NQ2-167296,NQ2 Retail Drink License,Active,08/13/2020,08/13/2020,11/30/2023
24649,Fayette,Lexington,J Alexander's,"J. ALEXANDER'S RESTAURANTS, LLC ",4081 Finn Way,"Lexington, KY 40517",034-NQ2-3269,NQ2 Retail Drink License,Active,03/07/2017,03/07/2017,11/30/2023
13259,Fayette,Lexington,J Render's Southern Table & Bar,"J. RENDER'S SOUTHERN TABLE, LLC ",3191 Beaumont Ctr Cir Ste 110,"Lexington, KY 40513",034-NQ2-3028,NQ2 Retail Drink License,Active,05/20/2016,05/20/2016,11/30/2023
5034,Fayette,Lexington,Jalapeno's South,"JALAPENOS, INC. ",1050 S Broadway Unit #200,"Lexington, KY 40504",034-NQ2-1586,NQ2 Retail Drink License,Active,05/13/2013,06/25/2013,11/30/2023
12999,Fayette,Lexington,Jasmine Rice Thai Cuisine,"JASMINE RICE THAI RESTAURANT, INC. ",911 Winchester Rd,"Lexington, KY 40505",034-NQ4-189658,NQ4 Retail Malt Beverage Drink License,Active,03/27/2022,03/27/2022,11/30/2023
11597,Fayette,Lexington,Jean Farris Winery,"SOUTHEAST VINTNERS, LLC ",6825 Old Richmond Rd,"Lexington, KY 40515",034-NQ2-2483,NQ2 Retail Drink License,Active,06/05/2014,06/05/2014,11/30/2023
27523,Fayette,Lexington,Jeff Ruby's Steakhouse,"Jeff Ruby's Steakhouse Lexington, LLC ",101 W Vine St,"Lexington, KY 40507",034-NQ2-3965,NQ2 Retail Drink License,Active,04/11/2019,04/11/2019,11/30/2023
3833,Fayette,Lexington,Joe Bologna's Rest & Pizzeria Inc,"JOE BOLOGNA RESTAURANT & PIZZERIA, INC. ",120 W Maxwell St,"Lexington, KY 40508",034-NQ2-1561,NQ2 Retail Drink License,Active,05/13/2013,06/25/2013,11/30/2023
8163,Fayette,Lexington,Joe's Market,Yousef Samir Abuthiab,215 E Seventh St,"Lexington, KY 40508",034-NQ4-187277,NQ4 Retail Malt Beverage Drink License,Active,12/01/2021,12/01/2021,11/30/2023
24928,Fayette,Lexington,Joella's Hot Chicken,"Joella's Hamburg KY, LLC ",2305 Sir Barton Way,"Lexington, KY 40509",034-NQ4-174246,NQ4 Retail Malt Beverage Drink License,Active,12/10/2020,12/10/2020,11/30/2023
4542,Fayette,Lexington,Joella's Hot Chicken,"JOELLA'S LEXINGTON UNIVERSITY KY, LLC ",101 Cochran Rd,"Lexington, KY 40502",034-NQ2-3520,NQ2 Retail Drink License,Active,12/20/2017,12/20/2017,11/30/2023
9861,Fayette,Lexington,Johnny Carino's,Barton 75 LLC ,2333 Sir Barton Way,"Lexington, KY 40509",034-NQ2-163551,NQ2 Retail Drink License,Active,06/18/2020,06/18/2020,11/30/2023
4633,Fayette,Lexington,Josies,"FIVE MURRAYS, INC. ",821 Chevy Chase Pl,"Lexington, KY 40502",034-NQ2-1994,NQ2 Retail Drink License,Active,05/13/2013,06/25/2013,11/30/2023
1589,Fayette,Lexington,Jot Em Down Store,JOT EM DOWN STORE ,3299 Russell Cave Rd,"Lexington, KY 40511",034-NQ4-2864,NQ4 Retail Malt Beverage Drink License,Active,12/27/2013,12/27/2013,11/30/2023
25814,Fayette,Lexington,Justin's House of Bourbon,"Justins' House of Bourbon, LLC ",601 W Main St,"Lexington, KY 40508",034-NQ4-4304,NQ4 Retail Malt Beverage Drink License,Active,12/05/2018,12/05/2018,11/30/2023
8654,Fayette,Lexington,Kearney Hill Golf Links,LEXINGTON-FAYETTE URBAN COUNTY GOVERNMENT PUBLIC FACILITIES CORPORATION ,3403 Kearney Rd,"Lexington, KY 40511",034-NQ4-1895,NQ4 Retail Malt Beverage Drink License,Active,05/13/2013,06/25/2013,08/31/2023
4058,Fayette,Lexington,Keeneland Hospitality,"KEENELAND HOSPITALITY, LLC ",4201 Versailles Rd,"Lexington, KY 40510",034-NQ1-1091,NQ1 Retail Drink License,Active,03/16/2015,03/16/2015,11/30/2023
5358,Fayette,LEXINGTON,Kentucky Grill and Horseshoes Saloon,MD King Enterprise LLC ,1983 N Broadway Ste 110,"LEXINGTON, KY 40505",034-NQ2-177527,NQ2 Retail Drink License,Active,01/18/2021,01/18/2021,08/31/2023
23652,Fayette,LEXINGTON,Kentucky Grill and Horseshoes Saloon,MD King Enterprise LLC ,1983 N Broadway Ste 120,"LEXINGTON, KY 40505",034-NQ4-178677,NQ4 Retail Malt Beverage Drink License,Active,02/12/2021,02/12/2021,08/31/2023
21430,Fayette,Lexington,Kentucky Native Cafe,"KENTUCKY NATIVE CAFE, INC. ","417 E Maxwell St, Unit B","Lexington, KY 40508",034-NQ4-3308,NQ4 Retail Malt Beverage Drink License,Active,05/21/2015,05/21/2015,11/30/2023
2632,Fayette,Lexington,Kentucky Theatre,"FRIENDS OF KENTUCKY THEATRE, INC. ",214 E Main St,"Lexington, KY 40507",034-NQ4-188054,NQ4 Retail Malt Beverage Drink License,Active,01/10/2022,01/10/2022,11/30/2023
33186,Fayette,Lexington,KENWICK TABLE LLC,KENWICK TABLE LLC ,201 Owsley Ave,"Lexington, KY 40502",034-NQ4-186523,NQ4 Retail Malt Beverage Drink License,Active,10/07/2021,10/07/2021,11/30/2023
35421,Fayette,Lexington,KPOT Korean BBQ & Hot Pot,KHP LEXINGTON LLC ,2860 Richmond Rd Ste 135,"Lexington, KY 40509",034-NQ4-193105,NQ4 Retail Malt Beverage Drink License,Active,10/04/2022,10/04/2022,11/30/2023
25649,Fayette,Lexington,Kroger #352 Liquor Store,KROGER LIMITED PARTNERSHIP I ,150 W Lowry Ln Ste 188,"Lexington, KY 40503",034-NQ4-4030,NQ4 Retail Malt Beverage Drink License,Active,03/16/2018,03/16/2018,08/31/2023
23579,Fayette,Lexington,Kroger #768 Liquor Store,KROGER LIMITED PARTNERSHIP I ,1604 Leestown Rd,"Lexington, KY 40511",034-NQ4-3636,NQ4 Retail Malt Beverage Drink License,Active,06/24/2016,06/24/2016,08/31/2023
6616,Fayette,Lexington,KS Bar and Grille,"KSBar, LLC ","1030 S Broadway, Ste 1","Lexington, KY 40504",034-NQ2-3729,NQ2 Retail Drink License,Active,08/27/2018,08/27/2018,11/30/2023
34041,Fayette,Lexington,La Folie,"Post Time Lexington 2, LLC ","111 Woodland Ave, Unit No. C-101 - C-102","Lexington, KY 40502",034-NQ2-189471,NQ2 Retail Drink License,Active,03/17/2022,03/17/2022,11/30/2023
5874,Fayette,Lexington,La Pachanga El Rancho Luna,"SAN PANCHOS, INC. ",1914 Oxford Cir,"Lexington, KY 40504",034-NQ4-1967,NQ4 Retail Malt Beverage Drink License,Active,05/13/2013,06/25/2013,11/30/2023
29313,Fayette,Lexington,La Taquisa LLC,La Taquisa LLC ,630 E Main St,"Lexington, KY 40508",034-NQ2-193926,NQ2 Retail Drink License,Active,12/06/2022,12/06/2022,11/30/2023
32508,Fayette,Lexington,La Taquisa LLC,La Taquisa LLC ,130 W Tiverton Way Ste 190,"Lexington, KY 40503",034-NQ2-183476,NQ2 Retail Drink License,Active,05/21/2021,05/21/2021,11/30/2023
2416,Fayette,Lexington,La Unica Mexican Groc & Rest,"LA UNICA, INC. ",1429 Village Dr # G,"Lexington, KY 40504",034-NQ4-1712,NQ4 Retail Malt Beverage Drink License,Active,05/13/2013,06/25/2013,11/30/2023
17371,Fayette,Lexington,Lakeside Golf Course,LEXINGTON-FAYETTE URBAN COUNTY GOVERNMENT PUBLIC FACILITIES CORPORATION ,3725 Richmond Rd,"Lexington, KY 40509",034-NQ4-2388,NQ4 Retail Malt Beverage Drink License,Active,05/13/2013,06/25/2013,08/31/2023
25496,Fayette,Lexington,Legacy Reserve at Fritz Farm,"ATLAS SENIOR LIVING, LLC ",2700 Man O War Blvd,"Lexington, KY 40515",034-NQ2-188042,NQ2 Retail Drink License,Active,01/10/2022,01/10/2022,11/30/2023
29854,Fayette,Lexington,"Lex-FW III, LLC","ONE HOLLAND FW-MIDDLETOWN, LLC ",2251 War Admiral Way Ste 130,"Lexington, KY 40505",034-NQ2-163923,NQ2 Retail Drink License,Active,06/25/2020,06/25/2020,08/31/2023
3950,Fayette,Lexington,Lexington Country Club,LEXINGTON COUNTRY CLUB ,2550 Paris Pike,"Lexington, KY 40511",034-NQ3-1131,NQ3 Retail Drink License,Active,05/13/2013,06/25/2013,11/30/2023
17080,Fayette,Lexington,Lexington Courtyard,"C.Y. OF LEXINGTON OPCO, L.L.C. ",3100 Wall St,"Lexington, KY 40513",034-NQ2-2659,NQ2 Retail Drink License,Active,04/14/2015,04/14/2015,11/30/2023
6103,Fayette,Lexington,Lexington Diner,"BMR & J, LLC ",841 Lane Allen Rd,"Lexington, KY 40504",034-NQ2-2385,NQ2 Retail Drink License,Active,12/20/2013,12/20/2013,11/30/2023
28543,Fayette,Lexington,Lexington Marriott City Center,"CITY CENTER HOTEL PARTNERS I, LLC ",121 W Vine St,"Lexington, KY 40507",034-NQ4-4640,NQ4 Retail Malt Beverage Drink License,Active,12/19/2019,12/19/2019,08/31/2023
5965,Fayette,Lexington,Lexington Opera House,LEVY PREMIUM FOODSERVICE LIMITED PARTNERSHIP ,401 W Short St,"Lexington, KY 40507",034-NQ1-1161,NQ1 Retail Drink License,Active,12/02/2019,12/02/2019,08/31/2023
15392,Fayette,Lexington,Lexington Residence Inn,"R.I. OF LEXINGTON OPCO, L.L.C. ",3110 Wall St,"Lexington, KY 40513",034-NQ4-3205,NQ4 Retail Malt Beverage Drink License,Active,04/23/2015,04/23/2015,11/30/2023
29884,Fayette,Lexington,LexLive,"BIG PICTURE VENTURES, LLC ","301, 307-315 S Broadway","Lexington, KY 40508",034-NQ4-164369,NQ4 Retail Malt Beverage Drink License,Active,07/06/2020,07/06/2020,11/30/2023
4901,Fayette,Lexington,Liquor Barn,"L.S.U.S. 5, LLC ",921 Beaumont Center Pkwy,"Lexington, KY 40503",034-NQ4-2624,NQ4 Retail Malt Beverage Drink License,Active,11/14/2017,11/14/2017,08/31/2023
10334,Fayette,Lexington,Liquor Barn,"L.S.U.S. 7, LLC ",1837 Plaudit Pl,"Lexington, KY 40509",034-NQ4-2619,NQ4 Retail Malt Beverage Drink License,Active,11/14/2017,11/14/2017,08/31/2023
6022,Fayette,Lexington,Logan's Roadhouse Restaurant #359,LOGAN'S ROADHOUSE II LLC ,1908 Pavillon Way,"Lexington, KY 40509",034-NQ2-167394,NQ2 Retail Drink License,Active,08/14/2020,08/14/2020,08/31/2023
9737,Fayette,Lexington,Longhorn Steakhouse #5187,"RARE HOSPITALITY INTERNATIONAL, INC. ",2217 Harrodsburg Rd,"Lexington, KY 40504",034-NQ2-1174,NQ2 Retail Drink License,Active,05/13/2013,06/25/2013,08/31/2023
1688,Fayette,Lexington,Loradale Market,"Loradale Market, LLC ",6888 Russell Cave Rd,"Lexington, KY 40511",034-NQ4-4423,NQ4 Retail Malt Beverage Drink License,Active,09/11/2019,09/11/2019,11/30/2023
3772,Fayette,Lexington,Ltc Food & Beverage,LTC FOOD & BEVERAGE LLC ,410 Redding Rd,"Lexington, KY 40517",034-NQ4-1166,NQ4 Retail Malt Beverage Drink License,Active,05/13/2013,06/25/2013,11/30/2023
34504,Fayette,Lexington,Luxe Nail Bar,M & L ENTERPRISES LLC ,"3901 Fountainblue Ln, Suite 160","Lexington, KY 40513",034-NQ4-192764,NQ4 Retail Malt Beverage Drink License,Active,09/16/2022,09/16/2022,08/31/2023
34444,Fayette,Lexington,Lyndon House Bed & Breakfast,"LYNDON HOUSE, INC. ",507 N Broadway,"Lexington, KY 40508",034-NQ3-190615,NQ3 Retail Drink License,Active,05/24/2022,05/24/2022,11/30/2023
4373,Fayette,Lexington,Malabu Pub,"HANK INVESTMENTS, INC. ",239 Surfside Dr,"Lexington, KY 40503",034-NQ4-1717,NQ4 Retail Malt Beverage Drink License,Active,05/13/2013,06/25/2013,11/30/2023
3576,Fayette,Lexington,Malibu Jacks Indoor Theme Park,"LexiDan Eats, L.L.C. ",2520 Nicholasville Rd,"Lexington, KY 40503",034-NQ4-192841,NQ4 Retail Malt Beverage Drink License,Active,09/19/2022,09/19/2022,11/30/2023
6285,Fayette,Lexington,Malone's,"LEXINGTON CHOICE RESTAURANT, LLC ",1920 Pleasant Ridge Dr,"Lexington, KY 40509",034-NQ2-1546,NQ2 Retail Drink License,Active,05/13/2013,06/25/2013,11/30/2023
5585,Fayette,Lexington,Malone's,"MALONE'S OF LEXINGTON, LLC ",3347 Tates Creek Rd,"Lexington, KY 40502",034-NQ2-1012,NQ2 Retail Drink License,Active,05/13/2013,06/25/2013,11/30/2023
10051,Fayette,Lexington,Malone's Prime/OBC,"SAL'S RESTAURANT, LLC ",3373 Tates Creek Rd,"Lexington, KY 40502",034-NQ2-1011,NQ2 Retail Drink License,Active,05/13/2013,06/25/2013,11/30/2023
13348,Fayette,Lexington,Malone's Restaurant,"BHG PALOMAR, LLC ",3735 Palomar Centre Dr Ste 200,"Lexington, KY 40513",034-NQ2-1235,NQ2 Retail Drink License,Active,05/13/2013,06/25/2013,11/30/2023
33610,Fayette,Lexington,MAMA TEQUILA,"Mama Tequila, LLC ",367 W SHORT ST STE 150,"Lexington, KY 40507",034-NQ4-187532,NQ4 Retail Malt Beverage Drink License,Active,12/23/2021,12/23/2021,11/30/2023
3998,Fayette,Lexington,Man O'War Post,"MAN-O-WAR POST #8 KENTUCKY, INC., AMERICAN LEGION ",1230 Man O War Pl,"Lexington, KY 40504",034-NQ3-1011,NQ3 Retail Drink License,Active,05/13/2013,06/25/2013,11/30/2023
13827,Fayette,Lexington,Manchester Music Hall,"Old Tarr Entertainment, LLC ",899 Manchester St,"Lexington, KY 40507",034-NQ4-3388,NQ4 Retail Malt Beverage Drink License,Active,10/02/2015,10/02/2015,11/30/2023
279,Fayette,Lexington,Mancinos Pizza & Grinders,"KATSEBRA, INC. ",1590- A Leestown Rd,"Lexington, KY 40511",034-NQ4-3323,NQ4 Retail Malt Beverage Drink License,Active,06/15/2015,06/15/2015,11/30/2023
22845,Fayette,Lexington,"Maria's Kitchen, La Cocina de Maria, LLC","MARIA'S KITCHEN, LA COCINA DE MARIA, LLC ","803, 805, 809 N Broadway","Lexington, KY 40508",034-NQ2-2934,NQ2 Retail Drink License,Active,04/26/2016,04/26/2016,11/30/2023
4562,Fayette,Lexington,Marikka's,"MARIKKA'S RESTAURANT, INC. ",411 Southland Dr Unit A,"Lexington, KY 40503",034-NQ4-4150,NQ4 Retail Malt Beverage Drink License,Active,04/17/2018,04/17/2018,11/30/2023
28471,Fayette,Lexington,Marque LLC,"Marque, LLC ",177 N Upper St,"Lexington, KY 40507",034-NQ4-189525,NQ4 Retail Malt Beverage Drink License,Active,03/21/2022,03/21/2022,11/30/2023
4715,Fayette,Lexington,Marriott Lexington Griffin Gate,"AIMBRIDGE HOSPITALITY, LLC ",1800 Newtown Pike,"Lexington, KY 40511",034-NQ1-159571,NQ1 Retail Drink License,Active,02/11/2020,02/07/2020,08/31/2023
3641,Fayette,Lexington,Martine's Pastries,"MCORP, LLC ",400 E Third St,"Lexington, KY 40508",034-NQ2-3842,NQ2 Retail Drink License,Active,11/20/2018,12/01/2018,11/30/2023
11852,Fayette,Lexington,Masala Indian Cuisine,"VIJ ENTERPRISES, LLC ",3061 Fieldstone Way Ste 600,"Lexington, KY 40513",034-NQ2-3154,NQ2 Retail Drink License,Active,10/24/2016,10/24/2016,11/30/2023
18048,Fayette,Lexington,Maty's Authentic Peruvian Cuisine,Maty's Authentic Peruvian Cuisine LLC,4371 Old Harrodsburg Rd Ste 160,"Lexington, KY 40513",034-NQ2-188920,NQ2 Retail Drink License,Active,02/16/2022,02/16/2022,11/30/2023
2720,Fayette,Lexington,McCarthy's,"MINNEHOMMA, LLC ",113-115-117-119 S Upper,"Lexington, KY 40507",034-NQ4-1495,NQ4 Retail Malt Beverage Drink License,Active,05/13/2013,06/25/2013,11/30/2023
34611,Fayette,Lexington,Mehak Indian Cuisine,Parteek Incorporated ,395 S Limestone Ste 110,"Lexington, KY 40508",034-NQ2-191957,NQ2 Retail Drink License,Active,08/08/2022,08/08/2022,11/30/2023
4861,Fayette,Lexington,Mi Mexico Mexican Restaurant,"DIAZ, 2022, INC. ",818 E New Circle Rd,"Lexington, KY 40505",034-NQ2-193978,NQ2 Retail Drink License,Active,12/08/2022,12/08/2022,11/30/2023
6324,Fayette,Lexington,Mi Mexico Restaurant,"MI MEXICO, INC. ",100 Prosperous Pl,"Lexington, KY 40509",034-NQ2-1529,NQ2 Retail Drink License,Active,05/13/2013,06/25/2013,11/30/2023
5798,Fayette,Lexington,Mi Pequena Hacienda,SALAS ENTERPRISES CORPORATION ,3501 Lansdowne Dr,"Lexington, KY 40517",034-NQ2-1452,NQ2 Retail Drink License,Active,05/13/2013,06/25/2013,11/30/2023
10647,Fayette,Lexington,Michikusa,H A COMPANY LLC ,125 Codell Dr Ste 128,"Lexington, KY 40509",034-NQ2-3972,NQ2 Retail Drink License,Active,06/05/2019,06/05/2019,11/30/2023
3832,Fayette,Lexington,Minglewood,Dynomite LLC ,159 N Limestone,"Lexington, KY 40507",034-NQ2-3027,NQ2 Retail Drink License,Active,06/16/2016,06/16/2016,11/30/2023
23407,Fayette,Lexington,Mirror Twin Brewing Co.,"Mirror Twin Brewing  , LLC ",725 National Ave,"Lexington, KY 40502",034-NQ4-3650,NQ4 Retail Malt Beverage Drink License,Active,08/19/2016,08/19/2016,11/30/2023
6546,Fayette,Lexington,Miyako,"MIYAKO RESTAURANTS, LLC ",2547 Richmond Rd,"Lexington, KY 40509",034-NQ2-1564,NQ2 Retail Drink License,Active,05/13/2013,06/25/2013,11/30/2023
24082,Fayette,Lexington,MOD Pizza,"COOL DOUGH #6, LLC ",2217 War Admiral Way Ste 101,"Lexington, KY 40509",034-NQ2-3158,NQ2 Retail Drink License,Active,11/02/2016,11/02/2016,11/30/2023
12463,Fayette,Lexington,Moe's Southwest Grill,"GRYPHMORE FOODSERVICES OF KENTUCKY, INC. ",141 Rojay Dr,"Lexington, KY 40503",034-NQ4-188820,NQ4 Retail Malt Beverage Drink License,Active,02/11/2022,02/11/2022,11/30/2023
26227,Fayette,Lexington,Moe's Southwest Grill,"GRYPHMORE FOODSERVICES OF KENTUCKY, INC. ",1975 Harrodsburg Rd,"Lexington, KY 40503",034-NQ4-188868,NQ4 Retail Malt Beverage Drink License,Active,02/15/2022,02/15/2022,11/30/2023
12853,Fayette,Lexington,Molly Brookes Irish Bar,"AUSABLE PROPERTIES, LLC ",109 N Limestone,"Lexington, KY 40507",034-NQ4-1315,NQ4 Retail Malt Beverage Drink License,Active,05/13/2013,06/25/2013,11/30/2023
25672,Fayette,Lexington,Mr Brews Taphouse Lexington,"3C LEX, LLC ",220 Ruccio Way Ste 110,"Lexington, KY 40503",034-NQ2-3510,NQ2 Retail Drink License,Active,12/13/2017,12/13/2017,11/30/2023
10270,Fayette,Lexington,Nail Bar & Spa,M & L ENTERPRISES LLC ,2304 Sir Barton Way Ste 185,"Lexington, KY 40509",034-NQ4-189585,NQ4 Retail Malt Beverage Drink License,Active,03/23/2022,03/23/2022,11/30/2023
30099,Fayette,Lexington,Nail Envogue,M & L ENTERPRISES LLC ,2337 Sir Barton Way Unit 125,"Lexington, KY 40509",034-NQ4-189592,NQ4 Retail Malt Beverage Drink License,Active,03/23/2022,03/23/2022,11/30/2023
4425,Fayette,Lexington,Nathan Caulder Post 132 American Legion,"THE NATHAN CAULDER POST #132, AMERICAN LEGION ",672 N Limestone,"Lexington, KY 40508",034-NQ3-1206,NQ3 Retail Drink License,Active,03/14/2014,03/14/2014,11/30/2023
30251,Fayette,Lexington,Neon Moon Bar & Lounge,Neilbo L.L.C. ,1801 Alexandria Dr Ste 50,"Lexington, KY 40504",034-NQ2-190664,NQ2 Retail Drink License,Active,05/26/2022,05/26/2022,11/30/2023
10190,Fayette,Lexington,Nic & Norman's Restaurant,Nic & Norman's Lexington LLC ,135 W Main St,"Lexington, KY 40507",034-NQ2-189974,NQ2 Retail Drink License,Active,04/12/2022,04/12/2022,11/30/2023
5914,Fayette,Lexington,O'Charley's Restaurant #289,"O'CHARLEY'S RESTAURANT PROPERTIES, LLC ",2099 Harrodsburg Rd,"Lexington, KY 40504",034-NQ2-1106,NQ2 Retail Drink License,Active,05/13/2013,06/25/2013,08/31/2023
5312,Fayette,Lexington,O'Neill's,"IDLE HOUR MEMBERS, LLC ",2051 Richmond Rd,"Lexington, KY 40502",034-NQ4-2256,NQ4 Retail Malt Beverage Drink License,Active,05/13/2013,06/25/2013,11/30/2023
3775,Fayette,Lexington,Office Lounge,"PRO-INVESTMENTS, INC. ",1533 Eastland Pkwy,"Lexington, KY 40505",034-NQ4-1023,NQ4 Retail Malt Beverage Drink License,Active,05/13/2013,06/25/2013,11/30/2023
5849,Fayette,Lexington,Old Chicago #094,OLD CHICAGO TAPROOM II LLC ,1924 Pavillon Way,"Lexington, KY 40509",034-NQ2-168117,NQ2 Retail Drink License,Active,08/24/2020,08/24/2020,11/30/2023
17175,Fayette,LEXINGTON,Old North,Old North LLC ,101 W Loudon Ave Ste 116,"LEXINGTON, KY 40508",034-NQ4-173223,NQ4 Retail Malt Beverage Drink License,Active,11/23/2020,11/23/2020,11/30/2023
25847,Fayette,Lexington,Old Vine Bistro,FOOTSTEP LLC ,400 Old Vine St Suites 106 & 108,"Lexington, KY 40507",034-NQ2-3541,NQ2 Retail Drink License,Active,03/08/2018,03/08/2018,11/30/2023
15898,Fayette,Lexington,Ole Hookers Bar-n-Grill,OLE HOOKERS BAR-N-GRILLE LLC ,205 S Limestone,"Lexington, KY 40508",034-NQ4-2000,NQ4 Retail Malt Beverage Drink License,Active,05/13/2013,06/25/2013,11/30/2023
5010,Fayette,Lexington,Olive Garden Ital Rest #1320,"GMRI, INC. ",3385 Nicholasville Rd,"Lexington, KY 40503",034-NQ2-1163,NQ2 Retail Drink License,Active,05/13/2013,06/25/2013,08/31/2023
8533,Fayette,Lexington,OMAKASE SUSHI AND SAKE BAR,88 KY OMAKASE LLC ,848 E High St #c,"Lexington, KY 40502",034-NQ2-190534,NQ2 Retail Drink License,Active,05/17/2022,05/17/2022,11/30/2023
27491,Fayette,Lexington,Origin Hotel Lexington,"Fritz Farm Hotel Group, LLC ",4174 Rowan,"Lexington, KY 40517",034-NQ2-3884,NQ2 Retail Drink License,Active,06/14/2019,06/14/2019,11/30/2023
13190,Fayette,Lexington,Osaka,"CHEN OSAKA, Inc. ",3805 Dylan Pl Ste 130,"Lexington, KY 40514",034-NQ2-2416,NQ2 Retail Drink License,Active,02/24/2014,02/24/2014,11/30/2023
25418,Fayette,Lexington,Oscar Diggs,"ROOSTER BREWING, INC. ",157 N Limestone,"Lexington, KY 40507",034-NQ2-3454,NQ2 Retail Drink License,Active,01/19/2018,01/19/2018,08/31/2023
9245,Fayette,Lexington,Outback Steakhouse,"OUTBACK STEAKHOUSE OF FLORIDA, LLC ",1957 Bryant Rd,"Lexington, KY 40509",034-NQ2-1827,NQ2 Retail Drink License,Active,05/13/2013,06/25/2013,11/30/2023
11752,Fayette,Lexington,Outback Steakhouse,"OUTBACK STEAKHOUSE OF FLORIDA, LLC ",3395 Nicholasville Rd,"Lexington, KY 40503",034-NQ2-4074,NQ2 Retail Drink License,Active,10/29/2019,10/29/2019,11/30/2023
12180,Fayette,Lexington,P F Chang's China Bistro,"P.F. CHANG'S CHINA BISTRO, INC. ",3405 Nicholasville Rd,"Lexington, KY 40503",034-NQ2-1027,NQ2 Retail Drink License,Active,05/13/2013,06/25/2013,11/30/2023
5701,Fayette,Lexington,Paddock Bar and Patio,"Sundowns, LLC ",319 B S Limestone,"Lexington, KY 40508",034-NQ4-4594,NQ4 Retail Malt Beverage Drink License,Active,08/21/2019,08/21/2019,11/30/2023
4588,Fayette,Lexington,Paisano's Restaurant,"SAYED, INC. ",2417 Nicholasville Rd #3&4,"Lexington, KY 40503",034-NQ2-1016,NQ2 Retail Drink License,Active,05/13/2013,06/25/2013,11/30/2023
3059,Fayette,Lexington,Palmers Fresh Grill & Wine Bar,"LEXINGTON GREEN RESTAURANT, LLC ",161 Lexington Green Cir Ste C8,"Lexington, KY 40503",034-NQ2-2135,NQ2 Retail Drink License,Active,05/13/2013,06/25/2013,11/30/2023
13191,Fayette,Lexington,Panda Cuisine,TASTY GROUPS Inc ,2358 Nicholasville Rd #105-115,"Lexington, KY 40503",034-NQ2-188157,NQ2 Retail Drink License,Active,01/13/2022,01/13/2022,11/30/2023
4548,Fayette,Lexington,Papi's Mexican Restaurant & Bar,Right Cooking Management L.L.C. ,818 Euclid Ave,"Lexington, KY 40502",034-NQ2-3744,NQ2 Retail Drink License,Active,07/17/2018,07/17/2018,11/30/2023
29989,Fayette,Lexington,Papi's Rapido,"Rapido Taco Service, LLC ",1214 S Broadway,"Lexington, KY 40504",034-NQ2-167866,NQ2 Retail Drink License,Active,08/20/2020,08/20/2020,11/30/2023
29989,Fayette,Lexington,Papi's Rapido,"Rapido Taco Service, LLC ",1214 S Broadway,"Lexington, KY 40504",034-NQ4-164489,NQ4 Retail Malt Beverage Drink License,Active,07/08/2020,07/08/2020,11/30/2023
32135,Fayette,Lexington,Papis Palomar,"Papi's Palomar, LLC ",3901 Harrodsburg Rd,"Lexington, KY 40513",034-NQ2-182954,NQ2 Retail Drink License,Active,05/10/2021,05/10/2021,11/30/2023
17224,Fayette,Lexington,Paraiso Latino,PARAISO LATINO LLC ,694 E New Circle Rd Ste 2,"Lexington, KY 40505",034-NQ4-2217,NQ4 Retail Malt Beverage Drink License,Active,05/13/2013,06/25/2013,11/30/2023
25562,Fayette,Lexington,Pasta Garage and Banchetto,"EZ FOODS, INC. ",968 Delaware Ave,"Lexington, KY 40505",034-NQ2-3480,NQ2 Retail Drink License,Active,11/15/2017,12/01/2017,11/30/2023
19236,Fayette,Lexington,Pearl's,Harlon & Marlon LLC ,133 N Limestone,"Lexington, KY 40507",034-NQ2-3755,NQ2 Retail Drink License,Active,12/03/2018,12/03/2018,11/30/2023
20942,Fayette,Lexington,PHO Saigon LLC,PHO SAIGON LLC ,1555 E New Circle Rd Ste 162,"Lexington, KY 40509",034-NQ4-3112,NQ4 Retail Malt Beverage Drink License,Active,09/08/2014,09/08/2014,11/30/2023
8661,Fayette,Lexington,Picadome Golf Course,LEXINGTON-FAYETTE URBAN COUNTY GOVERNMENT PUBLIC FACILITIES CORPORATION ,469 Parkway Dr,"Lexington, KY 40504",034-NQ4-1896,NQ4 Retail Malt Beverage Drink License,Active,05/13/2013,06/25/2013,08/31/2023
22663,Fayette,Lexington,Pie Five,"LIFESTYLE RESTAURANTS, LLC ","3401 Nicholasville Rd, Ste F-616","Lexington, KY 40503",034-NQ4-3450,NQ4 Retail Malt Beverage Drink License,Active,12/09/2015,12/09/2015,11/30/2023
21358,Fayette,Lexington,Pies & Pints Lexington LLC,"PIES & PINTS LEXINGTON, LLC ",401 W Main St Ste 106,"Lexington, KY 40507",034-NQ2-2634,NQ2 Retail Drink License,Active,12/22/2014,12/22/2014,11/30/2023
25491,Fayette,Lexington,"PieTana, LLC","PIETANA, LLC ",210 Rosemont Gdn,"Lexington, KY 40503",034-NQ2-3472,NQ2 Retail Drink License,Active,12/28/2017,12/28/2017,11/30/2023
20757,Fayette,Lexington,Pinots Palette,"PDHFLEXKY, LLC ",3851 Mall Rd Ste 110,"Lexington, KY 40503",034-NQ4-4371,NQ4 Retail Malt Beverage Drink License,Active,02/26/2019,02/26/2019,11/30/2023
9671,Fayette,Lexington,Planet Thai,"PLANET THAI KY, Inc. ",2417 Nicholasville Rd #2,"Lexington, KY 40503",034-NQ2-3809,NQ2 Retail Drink License,Active,12/04/2018,12/04/2018,11/30/2023
6577,Fayette,Lexington,Postmaster's Pub,"3 Behrs, Inc. ",307 W Short St,"Lexington, KY 40507",034-NQ2-3182,NQ2 Retail Drink License,Active,12/02/2016,12/02/2016,11/30/2023
34857,Fayette,Lexington,Prince Cuts Royal Parlor,Prince LLC ,"2925 Richmond Road, Suite A","Lexington, KY 40509",034-NQ4-191481,NQ4 Retail Malt Beverage Drink License,Active,07/14/2022,07/14/2022,11/30/2023
21554,Fayette,Lexington,Proud Mary,"Eat PM, LLC ",9079 Old Richmond Rd,"Lexington, KY 40515",034-NQ2-2684,NQ2 Retail Drink License,Active,03/25/2015,03/25/2015,11/30/2023
13364,Fayette,Lexington,Puccini's Smiling Teeth,"PUCCINI'S SMILING TEETH KII, INC. ",3801 Dylan Pl Ste 150,"Lexington, KY 40514",034-NQ2-1146,NQ2 Retail Drink License,Active,05/13/2013,06/25/2013,11/30/2023
10593,Fayette,Lexington,Puccini's Smiling Teeth,"PUCCINI'S SMILING TEETH, INC. ",833 Chevy Chase Pl,"Lexington, KY 40502",034-NQ2-1033,NQ2 Retail Drink License,Active,05/13/2013,06/25/2013,11/30/2023
6000,Fayette,Lexington,Rafferty's Restaurant & Bar,"RAFFERTY'S, INC. ",1865 Alysheba Way,"Lexington, KY 40509",034-NQ2-1073,NQ2 Retail Drink License,Active,05/13/2013,06/25/2013,08/31/2023
5662,Fayette,Lexington,Ramsey's,"RAMSEY ENTERPRISES, INC. ",3090 Helmsdale Pl Ste 280,"Lexington, KY 40509",034-NQ2-1100,NQ2 Retail Drink License,Active,05/13/2013,06/25/2013,08/31/2023
4615,Fayette,Lexington,Ramsey's Diner,"RAMSEY ENTERPRISES, INC. ",4053 Tates Creek Cntr Dr #35,"Lexington, KY 40515",034-NQ2-1101,NQ2 Retail Drink License,Active,05/13/2013,06/25/2013,08/31/2023
6098,Fayette,Lexington,Ramsey's Diners,"RAMSEY ENTERPRISES, INC. ",4391 C Harrodsburg Rd,"Lexington, KY 40513",034-NQ2-1099,NQ2 Retail Drink License,Active,05/13/2013,06/25/2013,08/31/2023
20156,Fayette,Lexington,Ramsey's Diners,"RAMSEY ENTERPRISES, INC. ",151 W Zandale Dr,"Lexington, KY 40503",034-NQ2-2401,NQ2 Retail Drink License,Active,02/05/2014,02/05/2014,08/31/2023
5011,Fayette,Lexington,Red Lobster #188,RED LOBSTER RESTAURANTS LLC ,2550 Nicholasville Rd,"Lexington, KY 40503",034-NQ4-3101,NQ4 Retail Malt Beverage Drink License,Active,10/22/2014,10/22/2014,08/31/2023
5753,Fayette,Lexington,Red Lobster #6379,RED LOBSTER RESTAURANTS LLC ,1848 Alysheba Way,"Lexington, KY 40509",034-NQ2-2535,NQ2 Retail Drink License,Active,09/22/2014,09/22/2014,08/31/2023
6253,Fayette,Lexington,Red Mile,"RED MILE, INC. ",1101 Winbak Way,"Lexington, KY 40504",034-NQ1-1002,NQ1 Retail Drink License,Active,05/13/2013,06/25/2013,11/30/2023
1091,Fayette,Lexington,Red State BBQ,"Red Phoenix, LLC ",4020 Georgetown Rd,"Lexington, KY 40511",034-NQ4-187373,NQ4 Retail Malt Beverage Drink License,Active,12/08/2021,12/08/2021,11/30/2023
9744,Fayette,Lexington,Residence Inn by Marriott,"HIT PORTFOLIO I MISC TRS, LLC ",2688 Pink Pigeon Pkwy,"Lexington, KY 40509",034-NQ4-3235,NQ4 Retail Malt Beverage Drink License,Active,05/27/2015,05/27/2015,08/31/2023
28663,Fayette,Lexington,"Residence Inn by Marriott, Lexington City Center","CITY CENTER HOTEL PARTNERS II, LLC ",150 W Main St,"Lexington, KY 40507",034-NQ2-4107,NQ2 Retail Drink License,Active,12/19/2019,12/19/2019,11/30/2023
9966,Fayette,Lexington,Restaurant Aguascalientes,EMILIA MONTES LLC ,1400 Alexandria Dr Ste 100,"Lexington, KY 40504",034-NQ2-191508,NQ2 Retail Drink License,Active,07/15/2022,07/15/2022,11/30/2023
27742,Fayette,Lexington,Richmond Road La Rosa's,"Pizza Buddy's Richmond Road, LLC ",2890 Richmond Rd,"Lexington, KY 40509",034-NQ2-3933,NQ2 Retail Drink License,Active,05/06/2019,05/06/2019,11/30/2023
23689,Fayette,Lexington,Rock House Brewing LLC,Rock House Brewing Limited Liability Company ,119 Luigart Ct,"Lexington, KY 40508",034-NQ4-3662,NQ4 Retail Malt Beverage Drink License,Active,10/24/2016,10/24/2016,11/30/2023
4961,Fayette,Lexington,Rose & Jim's Bar & Grill,"JIMALOU, INC. ",2461 Georgetown Rd,"Lexington, KY 40511",034-NQ4-1965,NQ4 Retail Malt Beverage Drink License,Active,05/13/2013,06/25/2013,11/30/2023
4560,Fayette,Lexington,Rosebud Restaurant,"ROSEBUD, INC. ",121 N Mill St,"Lexington, KY 40507",034-NQ4-1309,NQ4 Retail Malt Beverage Drink License,Active,05/13/2013,06/25/2013,11/30/2023
29912,Fayette,Lexington,Rosemont Garage,"Rosemont Holdings, LLC ",222 Rosemont Gdn,"Lexington, KY 40503",034-NQ2-182654,NQ2 Retail Drink License,Active,05/03/2021,05/03/2021,11/30/2023
27746,Fayette,Lexington,Roulay,"Roulay, LLC ",107 W Short St,"Lexington, KY 40507",034-NQ2-159432,NQ2 Retail Drink License,Active,02/06/2020,02/06/2020,11/30/2023
5712,Fayette,Lexington,Sabor Latino Pupusas LLC,"Sabor Latino Pupusas, LLC ",1479 Boardwalk,"Lexington, KY 40511",034-NQ2-159650,NQ2 Retail Drink License,Active,02/13/2020,02/13/2020,11/30/2023
12810,Fayette,Lexington,Sam Sushi,Shinyuu Limited Liability Company ,3090 Helmsdale Pl Ste 265,"Lexington, KY 40509",034-NQ2-3523,NQ2 Retail Drink License,Active,12/19/2017,12/19/2017,11/30/2023
12213,Fayette,Lexington,San Francisco,SAN FRANCISCO ,1916 Oxford Cir,"Lexington, KY 40504",034-NQ4-1075,NQ4 Retail Malt Beverage Drink License,Active,05/13/2013,06/25/2013,11/30/2023
13099,Fayette,Lexington,Saul Good Restaurant & Pub,JR Restaurants LLC ,3801 Mall Rd Ste 120,"Lexington, KY 40503",034-NQ2-190817,NQ2 Retail Drink License,Active,06/06/2022,06/06/2022,11/30/2023
34934,Fayette,Lexington,Sawyer's Downtown,"FLASH, INC. ",140 W Main St,"Lexington, KY 40507",034-NQ2-193000,NQ2 Retail Drink License,Active,09/28/2022,09/28/2022,11/30/2023
24882,Fayette,Lexington,School Restaurant,SCHOOL RESTAURANT LLC ,163 W Short St Ste 110,"Lexington, KY 40507",034-NQ2-3311,NQ2 Retail Drink License,Active,05/09/2017,05/09/2017,11/30/2023
26320,Fayette,Lexington,Sedona Taphouse,"L & L CRAFT, LLC ",3600 Palomar Centre Dr,"Lexington, KY 40513",034-NQ2-3996,NQ2 Retail Drink License,Active,06/06/2019,06/06/2019,11/30/2023
24840,Fayette,Lexington,Shake Shack,SHAKE SHACK KENTUCKY LLC ,115 Summit At Fritz Farm Ste 110,"Lexington, KY 40517",034-NQ2-3300,NQ2 Retail Drink License,Active,05/02/2017,05/02/2017,11/30/2023
11691,Fayette,Lexington,Shaking Seafood & Wing,UNCLE CRAB Inc ,3110 Mapleleaf Dr,"Lexington, KY 40509",034-NQ2-3919,NQ2 Retail Drink License,Active,03/25/2019,03/25/2019,11/30/2023
4718,Fayette,Lexington,Shamrock Bar & Grill Patchen,"BRAKLE ENTERPRISES, INC. ",154 Patchen Dr Ste #85,"Lexington, KY 40517",034-NQ4-1544,NQ4 Retail Malt Beverage Drink License,Active,05/13/2013,06/25/2013,11/30/2023
5624,Fayette,Lexington,Shamrock Bar & Grille,"HARTROCK, LLC ",4750 Hartland Pkwy Ste 128,"Lexington, KY 40515",034-NQ2-1498,NQ2 Retail Drink License,Active,05/13/2013,06/25/2013,11/30/2023
5702,Fayette,Lexington,Sidebar Grill,T-13 LLC ,147 N Limestone,"Lexington, KY 40507",034-NQ4-1761,NQ4 Retail Malt Beverage Drink License,Active,05/13/2013,06/25/2013,11/30/2023
12580,Fayette,Lexington,Silver Cue,"SEEQAL CORPORATION, INC. ",694 E New Circle Rd Ste 1- 5,"Lexington, KY 40505",034-NQ4-1032,NQ4 Retail Malt Beverage Drink License,Active,05/13/2013,06/25/2013,11/30/2023
22025,Fayette,Lexington,"Silver Springs Farm Eqwine, Vineyard & Distillery","SILVER SPRINGS FARM EQWINE & VINEYARD, LLC ",3710 Leestown Rd,"Lexington, KY 40511",034-NQ4-159452,NQ4 Retail Malt Beverage Drink License,Active,02/06/2020,02/05/2020,11/30/2023
2067,Fayette,Lexington,Silver streak market,"SILVER STREAK MARKET, LLC ",5584 Versailles Rd,"Lexington, KY 40510",034-NQ4-174400,NQ4 Retail Malt Beverage Drink License,Active,12/11/2020,12/11/2020,11/30/2023
20496,Fayette,Lexington,Sir Veza's,"DN LEX, LLC ",4000 Terminal Dr Ste 204B,"Lexington, KY 40510",034-NQ2-158589,NQ2 Retail Drink License,Active,01/23/2020,01/23/2020,11/30/2023
12308,Fayette,Lexington,Smashing Tomato,"SMASHING TOMATO, LLC ",3801 Mall Rd Ste 195,"Lexington, KY 40503",034-NQ2-1019,NQ2 Retail Drink License,Active,05/13/2013,06/25/2013,11/30/2023
13363,Fayette,Lexington,Smashing Tomato 2 Llc,"SMASHING TOMATO 2, LLC ",2200 War Admiral Way Ste 160,"Lexington, KY 40509",034-NQ2-1261,NQ2 Retail Drink License,Active,05/13/2013,06/25/2013,11/30/2023
32251,Fayette,Lexington,Sonny's BBQ,"ACG BBQ, LLC ",2341 Buena Vista Rd,"Lexington, KY 40505",034-NQ2-186808,NQ2 Retail Drink License,Active,10/27/2021,10/27/2021,08/31/2023
13994,Fayette,Lexington,Soundbar,"SMALL PLATES, LLC ",208 S Limestone,"Lexington, KY 40508",034-NQ4-1811,NQ4 Retail Malt Beverage Drink License,Active,05/13/2013,06/25/2013,11/30/2023
33559,Fayette,Lexington,South of Wrigley,Eat it LLC ,472 Southland Dr,"Lexington, KY 40503",034-NQ4-189970,NQ4 Retail Malt Beverage Drink License,Active,04/11/2022,04/11/2022,11/30/2023
3767,Fayette,Lexington,Southland Lanes,"COLLINS BOWLING CENTERS, INC. ",205 Southland Dr,"Lexington, KY 40503",034-NQ4-1263,NQ4 Retail Malt Beverage Drink License,Active,05/13/2013,06/25/2013,11/30/2023
6135,Fayette,Lexington,Spearmint Rhino Gentlemen's Club,"KENTUCKY HOSPITALITY VENTURE, LLC ",5539 Athens Boonesboro Rd,"Lexington, KY 40509",034-NQ4-1491,NQ4 Retail Malt Beverage Drink License,Active,05/13/2013,06/25/2013,11/30/2023
10275,Fayette,Lexington,Springhill Suites by Marriott,"HIT PORTFOLIO I MISC TRS, LLC ",863 S Broadway,"Lexington, KY 40504",034-NQ4-3236,NQ4 Retail Malt Beverage Drink License,Active,05/27/2015,05/27/2015,08/31/2023
4589,Fayette,Lexington,Spuds Tavern,"SHOOTER'S SPORTS BAR & GRILL II, LLC ",3130 Pimlico Pkwy Ste 101,"Lexington, KY 40517",034-NQ4-3851,NQ4 Retail Malt Beverage Drink License,Active,04/18/2017,04/18/2017,11/30/2023
5095,Fayette,Lexington,Squires Tavern,"R AND R ENTERTAINMENT, LLC ","3429 Buckhorn Dr, Ste B","Lexington, KY 40515",034-NQ4-2120,NQ4 Retail Malt Beverage Drink License,Active,05/13/2013,06/25/2013,11/30/2023
2296,Fayette,Lexington,Stagger Inn,Stagger Inn LLC ,269 W Main St,"Lexington, KY 40507",034-NQ4-3209,NQ4 Retail Malt Beverage Drink License,Active,03/03/2015,03/03/2015,11/30/2023
26335,Fayette,Lexington,Standing Room Only,YAMAGUCHI L.L.C. ,123 W Sixth St,"Lexington, KY 40508",034-NQ2-3688,NQ2 Retail Drink License,Active,06/06/2018,06/06/2018,11/30/2023
35240,Fayette,Lexington,"Stay on Ruccio, LLC","STAY ON RUCCIO, LLC ",209 Ruccio Way,"Lexington, KY 40503",034-NQ4-194128,NQ4 Retail Malt Beverage Drink License,Active,12/19/2022,12/19/2022,11/30/2023
21505,Fayette,Lexington,Staybridge Suites,"Leestown Hotel Associates, LLC ",125 Louie Pl,"Lexington, KY 40511",034-NQ4-3217,NQ4 Retail Malt Beverage Drink License,Active,03/25/2015,03/25/2015,11/30/2023
12278,Fayette,Lexington,Stella's Kentucky Deli,"STELLA'S KENTUCKY DELI, LLC ",143 Jefferson St,"Lexington, KY 40508",034-NQ2-2625,NQ2 Retail Drink License,Active,12/01/2014,12/01/2014,11/30/2023
29164,Fayette,Lexington,STINGS LOUNGE,"STINGS LOUNGE, LLC ",123 W Main St,"Lexington, KY 40507",034-NQ4-159654,NQ4 Retail Malt Beverage Drink License,Active,02/13/2020,02/12/2020,11/30/2023
3850,Fayette,Lexington,Storming Crab,STORMING CRAB KY LLC ,4009 Nicholasville Rd,"Lexington, KY 40503",034-NQ2-3959,NQ2 Retail Drink License,Active,05/03/2019,05/03/2019,11/30/2023
30895,Fayette,Lexington,SUMO SUSHI AND GRILL,SUMO Inc ,1030 S Broadway,"Lexington, KY 40504",034-NQ2-179297,NQ2 Retail Drink License,Active,03/09/2021,03/09/2021,11/30/2023
9569,Fayette,Lexington,Super Mercado Aguascalientes,"909 Enterprises, Inc. ",1424 Alexandria Dr,"Lexington, KY 40504",034-NQ4-4174,NQ4 Retail Malt Beverage Drink License,Active,05/21/2018,05/21/2018,11/30/2023
12984,Fayette,Lexington,Super Mercado Aguascalientes,"LATINO MARKET, INC. ",459 W New Circle Rd,"Lexington, KY 40511",034-NQ4-3485,NQ4 Retail Malt Beverage Drink License,Active,03/10/2016,03/10/2016,11/30/2023
29732,Fayette,Lexington,SUPERMERCADO AGUASCALIENTES,"Latino Market V , Inc. ",306 Southland Dr,"Lexington, KY 40503",034-NQ4-188517,NQ4 Retail Malt Beverage Drink License,Active,01/27/2022,01/27/2022,11/30/2023
6106,Fayette,Lexington,Survivors,JACKASS LLC ,161 E Reynolds Rd,"Lexington, KY 40517",034-NQ4-1846,NQ4 Retail Malt Beverage Drink License,Active,05/13/2013,06/25/2013,11/30/2023
13266,Fayette,Lexington,Sushi Blue,sushi blue Incorporated ,185 Pasadena Dr Ste 130,"Lexington, KY 40503",034-NQ2-2719,NQ2 Retail Drink License,Active,04/13/2015,04/13/2015,11/30/2023
15114,Fayette,Lexington,Sutton's,"THE ITALIAN PEASANT, LLC ",110 N Locust Hill Dr,"Lexington, KY 40509",034-NQ2-3184,NQ2 Retail Drink License,Active,11/30/2016,12/01/2016,11/30/2023
16191,Fayette,Lexington,Swahili Elks Lodge 1611,"SWAHILI ELKS LODGE #1611, INCORPORATED ",1203 Versailles Rd,"Lexington, KY 40504",034-NQ3-1171,NQ3 Retail Drink License,Active,05/13/2013,06/25/2013,11/30/2023
3840,Fayette,Lexington,Tachibana Restaurant,"CHUBU TRADING, INC. ",785 Newtown Ct,"Lexington, KY 40511",034-NQ2-159569,NQ2 Retail Drink License,Active,02/11/2020,02/11/2020,11/30/2023
22284,Fayette,Lexington,Tack House Pub,"TRIPLE HEARTS, LLC ",4401 HARRODSBURG RD,"Lexington, KY 40513",034-NQ2-185199,NQ2 Retail Drink License,Active,07/20/2021,07/20/2021,11/30/2023
33283,Fayette,Lexington,Taco Tico,"TT Boardwalk, LLC ",1483 Boardwalk,"Lexington, KY 40511",034-NQ2-186979,NQ2 Retail Drink License,Active,11/09/2021,11/09/2021,11/30/2023
33284,Fayette,Lexington,Taco Tico,"TT Pimlico, LLC ",3110 Pimlico Pkwy,"Lexington, KY 40517",034-NQ2-186938,NQ2 Retail Drink License,Active,11/04/2021,11/04/2021,11/30/2023
33285,Fayette,Lexington,Taco Tico,"TT Southland, LLC ",212 Southland Dr,"Lexington, KY 40503",034-NQ2-186981,NQ2 Retail Drink License,Active,11/09/2021,11/09/2021,11/30/2023
28192,Fayette,Lexington,Tacos El Rey,"Tacos El Rey, LLC ",413 W New Circle Rd,"Lexington, KY 40511",034-NQ2-4020,NQ2 Retail Drink License,Active,06/20/2019,06/20/2019,11/30/2023
5266,Fayette,Lexington,Taj India Indian Restaurant,RAHUL FOOD & SPICES LLC ,154 Patchen Dr Ste 68,"Lexington, KY 40517",034-NQ2-1674,NQ2 Retail Drink License,Active,05/13/2013,06/25/2013,11/30/2023
9634,Fayette,Lexington,Talon Winery,"TALON, INC. ",7086 Tates Creek Rd,"Lexington, KY 40515",034-NQ4-1290,NQ4 Retail Malt Beverage Drink License,Active,05/13/2013,06/25/2013,08/31/2023
24170,Fayette,Lexington,Tandoor,"Guljar, LLC ",3146 Maple Leaf Dr.,"Lexington, KY 40509",034-NQ2-3178,NQ2 Retail Drink License,Active,02/09/2017,02/09/2017,11/30/2023
716,Fayette,Lexington,Taqueria San Marcos LLC,Taqueria San Marcos LLC ,1858 Oxford Cir,"Lexington, KY 40504",034-NQ2-186179,NQ2 Retail Drink License,Active,09/15/2021,09/15/2021,11/30/2023
18508,Fayette,Lexington,Taste of India,"Gursehaj, LLC ",2467 Nicholasville Rd Ste 160,"Lexington, KY 40503",034-NQ2-3727,NQ2 Retail Drink License,Active,09/07/2018,09/07/2018,11/30/2023
12070,Fayette,Lexington,Taste of Thai,"KHON KAEN THAI CUISINE, INC ",101 W Main St,"Lexington, KY 40507",034-NQ4-188160,NQ4 Retail Malt Beverage Drink License,Active,01/13/2022,01/13/2022,11/30/2023
16352,Fayette,Lexington,Tates Creek Golf Course,LEXINGTON-FAYETTE URBAN COUNTY GOVERNMENT PUBLIC FACILITIES CORPORATION ,1400 Gainesway Dr,"Lexington, KY 40517",034-NQ4-2979,NQ4 Retail Malt Beverage Drink License,Active,05/09/2014,05/09/2014,08/31/2023
22998,Fayette,Lexington,Taziki's Mediterranean Cafe,"THE ZENITH COMPANY 2, LLC ",117 Southland Dr,"Lexington, KY 40503",034-NQ2-2968,NQ2 Retail Drink License,Active,04/12/2016,04/12/2016,11/30/2023
10200,Fayette,Lexington,Ted's Montana Grill,"TMG OF OHIO, LLC ",2304 Sir Barton Way Ste 170,"Lexington, KY 40509",034-NQ2-1547,NQ2 Retail Drink License,Active,05/13/2013,06/25/2013,11/30/2023
30672,Fayette,Lexington,TEKKA GRILL & SUSHI,RONG FA Inc ,2300 Sir Barton Way Ste 110,"Lexington, KY 40509",034-NQ2-177381,NQ2 Retail Drink License,Active,01/14/2021,01/14/2021,11/30/2023
24591,Fayette,Lexington,Texas de Brazil,TEXAS DE BRAZIL (LEXINGTON) CORPORATION ,151 Larue Ste 150,"Lexington, KY 40517",034-NQ2-3260,NQ2 Retail Drink License,Active,05/25/2017,05/25/2017,11/30/2023
30304,Fayette,Lexington,Texas Roadhouse,"MAN O WAR RESTAURANTS, INC. ",3116 Richmond Rd,"Lexington, KY 40509",034-NQ2-169309,NQ2 Retail Drink License,Active,09/25/2020,09/25/2020,11/30/2023
5245,Fayette,Lexington,Texas Roadhouse,"TEXAS ROADHOUSE OF LEXINGTON, KY, II, LLC ",3030 Lakecrest Cir,"Lexington, KY 40513",034-NQ2-2037,NQ2 Retail Drink License,Active,05/13/2013,06/25/2013,11/30/2023
16463,Fayette,Lexington,The Apiary,"The Apiary, LLC ",218 Jefferson St,"Lexington, KY 40508",034-NQ2-165106,NQ2 Retail Drink License,Active,07/24/2020,07/24/2020,11/30/2023
3764,Fayette,Lexington,The Bar,"THE BAR, INC. ",224 E Main St,"Lexington, KY 40507",034-NQ4-1689,NQ4 Retail Malt Beverage Drink License,Active,05/13/2013,06/25/2013,11/30/2023
34463,Fayette,Lexington,The Barn Door Grill,"Me and You Events, LLC ","4561 Iron Works Pike, Suites 157 and 107","Lexington, KY 40511",034-NQ2-190225,NQ2 Retail Drink License,Active,04/28/2022,04/28/2022,11/30/2023
15069,Fayette,Lexington,The Beer Trappe,"The Beer Trappe, Inc. ",811 Euclid Ave,"Lexington, KY 40502",034-NQ4-2282,NQ4 Retail Malt Beverage Drink License,Active,05/13/2013,06/25/2013,11/30/2023
16303,Fayette,Lexington,The Blue Heron Bar,"GREY GOOSE, LLC ",185 Jefferson St,"Lexington, KY 40508",034-NQ4-2062,NQ4 Retail Malt Beverage Drink License,Active,05/13/2013,06/25/2013,11/30/2023
12143,Fayette,Lexington,The Bluegrass Tavern,"115 CHEAPSIDE PUB, LLC ",115 Cheapside,"Lexington, KY 40507",034-NQ4-4134,NQ4 Retail Malt Beverage Drink License,Active,05/16/2018,05/16/2018,11/30/2023
31814,Fayette,Lexington,The Blushery,BLUSH & GLOW LLC ,825 National Ave,"Lexington, KY 40502",034-NQ4-181971,NQ4 Retail Malt Beverage Drink License,Active,04/23/2021,04/23/2021,11/30/2023
20596,Fayette,Lexington,The Break Room,T-13 LLC ,1178 Manchester Pl,"Lexington, KY 40508",034-NQ4-3017,NQ4 Retail Malt Beverage Drink License,Active,12/22/2014,12/22/2014,11/30/2023
17176,Fayette,LEXINGTON,The Breeze Wine Bar,"Uva Non Grata, LLC ",101 W Loudon Ave Ste 164,"LEXINGTON, KY 40508",034-NQ4-186407,NQ4 Retail Malt Beverage Drink License,Active,09/28/2021,09/28/2021,11/30/2023
22936,Fayette,Lexington,The Burl,The Burl L.L.C. ,375 Thompson Rd,"Lexington, KY 40508",034-NQ4-3515,NQ4 Retail Malt Beverage Drink License,Active,07/19/2016,07/19/2016,11/30/2023
3883,Fayette,Lexington,The Campbell House,RB LEXINGTON LLC ,1375 S Broadway,"Lexington, KY 40504",034-NQ1-1096,NQ1 Retail Drink License,Active,01/13/2016,01/13/2016,11/30/2023
21164,Fayette,Lexington,The Cheesecake Factory,"THE CHEESECAKE FACTORY RESTAURANTS, INC. ",3545 Nicholasville Rd,"Lexington, KY 40503",034-NQ2-2588,NQ2 Retail Drink License,Active,10/13/2014,10/13/2014,11/30/2023
3765,Fayette,Lexington,The Chevy Chase Inn,"YE OLDE BLACKBIRD, LLC ",833 Euclid Ave,"Lexington, KY 40502",034-NQ4-3232,NQ4 Retail Malt Beverage Drink License,Active,06/01/2015,06/01/2015,11/30/2023
17375,Fayette,Lexington,The Chill Spot Lounge,"THE CHILL SPOT LOUNGE, INC. ",680 Lima Dr Ste 150-160,"Lexington, KY 40511",034-NQ4-160299,NQ4 Retail Malt Beverage Drink License,Active,03/11/2020,03/10/2020,11/30/2023
3911,Fayette,Lexington,The Club at UK's Spindletop Hall,"SPINDLETOP HALL, INC. ",3414 Iron Works Pike,"Lexington, KY 40511",034-NQ3-1133,NQ3 Retail Drink License,Active,05/13/2013,06/25/2013,11/30/2023
23312,Fayette,Lexington,The Crafty Fox ,Limerick Gra LLC ,109 W Main St,"Lexington, KY 40507",034-NQ4-186491,NQ4 Retail Malt Beverage Drink License,Active,10/05/2021,10/05/2021,11/30/2023
27584,Fayette,Lexington,The Cue Club,"The Cue Club, LLC ",140 Moore Dr,"Lexington, KY 40503",034-NQ4-4420,NQ4 Retail Malt Beverage Drink License,Active,05/16/2019,05/16/2019,11/30/2023
6399,Fayette,Lexington,The Fishtank,Tico Time Limited Liability Company ,500 Euclid Ave,"Lexington, KY 40502",034-NQ4-174154,NQ4 Retail Malt Beverage Drink License,Active,12/08/2020,12/08/2020,11/30/2023
3549,Fayette,Lexington,The Goose Lexington,Goose Kentucky LLC ,170 Jefferson St,"Lexington, KY 40508",034-NQ2-184931,NQ2 Retail Drink License,Active,06/23/2021,06/23/2021,11/30/2023
4696,Fayette,Lexington,THE GREEN LANTERN BAR,GLB3 LLC ,497 W 3rd St,"Lexington, KY 40508",034-NQ4-178621,NQ4 Retail Malt Beverage Drink License,Active,02/10/2021,02/10/2021,11/30/2023
35220,Fayette,Lexington,The Hill,"THE HILL, LLC  ",325-333 South Limestone Street,"Lexington, KY 40508",034-NQ4-192180,NQ4 Retail Malt Beverage Drink License,Active,08/16/2022,08/16/2022,11/30/2023
4963,Fayette,Lexington,The Ketch,"FISHER CUTBAIT, INC. ",2012 Regency Rd,"Lexington, KY 40503",034-NQ2-1035,NQ2 Retail Drink License,Active,05/13/2013,06/25/2013,11/30/2023
14,Fayette,Lexington,The Lexington Club Inc,"THE LEXINGTON CLUB, INC. ",170 Esplanade,"Lexington, KY 40507",034-NQ3-1148,NQ3 Retail Drink License,Active,05/13/2013,06/25/2013,11/30/2023
3885,Fayette,Lexington,The Lexington Convention Center,LEVY PREMIUM FOODSERVICE LIMITED PARTNERSHIP ,430 W Vine St,"Lexington, KY 40507",034-NQ1-1159,NQ1 Retail Drink License,Active,12/02/2019,12/02/2019,08/31/2023
11354,Fayette,Lexington,The Local Taco,"TLT LIME, LLC ",315 S Limestone,"Lexington, KY 40508",034-NQ2-1801,NQ2 Retail Drink License,Active,05/13/2013,06/25/2013,11/30/2023
5631,Fayette,Lexington,The Local Taco,"TLT SIR, LLC ",1916 Pavillon Way,"Lexington, KY 40509",034-NQ2-191111,NQ2 Retail Drink License,Active,06/22/2022,06/22/2022,11/30/2023
3768,Fayette,Lexington,"The Merrick Inn, Inc.","The Merrick Inn, Inc. ",1074 Merrick Dr,"Lexington, KY 40502",034-NQ4-187312,NQ4 Retail Malt Beverage Drink License,Active,12/03/2021,12/03/2021,11/30/2023
13026,Fayette,Lexington,The Olive Garden Italian Restaurant #6456,"OLIVE GARDEN HOLDINGS, LLC ",3094 Helmsdale Pl,"Lexington, KY 40509",034-NQ2-185742,NQ2 Retail Drink License,Active,08/20/2021,08/20/2021,11/30/2023
6442,Fayette,Lexington,The Patchen Pub,"DAVE & TIM, INC. ",153 Patchen Dr Ste 29,"Lexington, KY 40517",034-NQ4-1528,NQ4 Retail Malt Beverage Drink License,Active,05/13/2013,06/25/2013,11/30/2023
25043,Fayette,Lexington,The Roxy,"MFI Holdings, LLC ","269 W Main St, Unit 1 & G","Lexington, KY 40507",034-NQ4-3898,NQ4 Retail Malt Beverage Drink License,Active,11/16/2017,12/01/2017,11/30/2023
6415,Fayette,Lexington,The Sage Rabbit,"HOPPY'S, LLC ",438 S Ashland Ave,"Lexington, KY 40502",034-NQ2-2794,NQ2 Retail Drink License,Active,07/15/2015,07/15/2015,11/30/2023
437,Fayette,Lexington,The Saucy Crab,The-Saucy Crab Lexington Incorporated ,3029 Richmond Rd,"Lexington, KY 40509",034-NQ2-185350,NQ2 Retail Drink License,Active,07/31/2021,07/31/2021,11/30/2023
807,Fayette,Lexington,The Service Station,Leestown Garage LLC ,3092 Leestown Rd,"Lexington, KY 40511",034-NQ4-4526,NQ4 Retail Malt Beverage Drink License,Active,09/03/2019,09/03/2019,11/30/2023
5766,Fayette,Lexington,The Sire,RH LLC ,120 W Second St,"Lexington, KY 40507",034-NQ2-186802,NQ2 Retail Drink License,Active,10/27/2021,10/27/2021,11/30/2023
31533,Fayette,Lexington,The Social Vegan,KMBN Management LLC,101 W Loudon Ave Ste 160,"Lexington, KY 40508",034-NQ4-180383,NQ4 Retail Malt Beverage Drink License,Active,03/26/2021,03/26/2021,11/30/2023
6188,Fayette,Lexington,The Thoroughbred Center,"KENTUCKY TRAINING CENTER, LLC ",3380 Paris Pike,"Lexington, KY 40511",034-NQ1-1045,NQ1 Retail Drink License,Active,05/13/2013,06/25/2013,11/30/2023
13890,Fayette,Lexington,The Tin Roof,"TR III, LLC  ",303 S Limestone,"Lexington, KY 40508",034-NQ4-3223,NQ4 Retail Malt Beverage Drink License,Active,02/26/2015,02/26/2015,11/30/2023
5104,Fayette,Lexington,The Tulip Bistro & Bar,"ROMANY RESTAURANTS, INC. ",355 Romany Rd,"Lexington, KY 40502",034-NQ4-1004,NQ4 Retail Malt Beverage Drink License,Active,05/13/2013,06/25/2013,08/31/2023
31192,Fayette,LEXINGTON,The Void Sake Co,The Void LLC ,949 National Ave Ste 190,"LEXINGTON, KY 40502",034-NQ4-186688,NQ4 Retail Malt Beverage Drink License,Active,10/19/2021,10/19/2021,11/30/2023
3912,Fayette,Lexington,Thoroughbred Club Of America Inc,"THE THOROUGHBRED CLUB OF AMERICA, INC. ",3555 Rice Rd,"Lexington, KY 40510",034-NQ3-1071,NQ3 Retail Drink License,Active,05/13/2013,06/25/2013,11/30/2023
4356,Fayette,Lexington,Thoroughbred Post,"AMERICAN LEGION THOROUGHBRED POST 341, INC., DEPARTMENT OF KENTUCKY ",1493 Leestown Rd,"Lexington, KY 40511",034-NQ3-1114,NQ3 Retail Drink License,Active,05/13/2013,06/25/2013,11/30/2023
3773,Fayette,Lexington,Thoroughbred Restaurant,"M-F, INC. ",1483 Leestown Rd,"Lexington, KY 40511",034-NQ4-1514,NQ4 Retail Malt Beverage Drink License,Active,05/13/2013,06/25/2013,11/30/2023
27271,Fayette,Lexington,Tilted Kilt Pub & Eatery,"TK of Lexington KY, LLC ",1030 S Broadway Ste 1a,"Lexington, KY 40504",034-NQ2-3856,NQ2 Retail Drink License,Active,03/05/2019,03/05/2019,11/30/2023
32762,Fayette,Lexington,Timmy Two Time's,Smurf's Burger's LLC ,3330 Partner Pl Unit 14,"Lexington, KY 40503",034-NQ4-186018,NQ4 Retail Malt Beverage Drink License,Active,09/07/2021,09/07/2021,11/30/2023
16031,Fayette,Lexington,Tolly Ho,"TOLLY-HO RESTAURANTS, INC. ",604-606 S Broadway,"Lexington, KY 40508",034-NQ4-2019,NQ4 Retail Malt Beverage Drink License,Active,05/13/2013,06/25/2013,11/30/2023
21499,Fayette,Lexington,Tony's Steaks & Seafood,"DJGN Lexington, LLC ",401 W Main St Ste 102,"Lexington, KY 40507",034-NQ2-2669,NQ2 Retail Drink License,Active,03/02/2015,03/02/2015,11/30/2023
9881,Fayette,Lexington,Total Wine Spirits Beer & More,"KENTUCKY FINE WINES & SPIRITS, LLC ",161 Lexington Green Cir Ste 175,"Lexington, KY 40503",034-NQ4-4087,NQ4 Retail Malt Beverage Drink License,Active,04/03/2018,04/03/2018,08/31/2023
27467,Fayette,Lexington,Total Wine Spirits Beer & More,"KENTUCKY FINE WINES & SPIRITS, LLC ",2321 Sir Barton Way Ste 165,"Lexington, KY 40509",034-NQ4-4398,NQ4 Retail Malt Beverage Drink License,Active,03/18/2019,03/18/2019,08/31/2023
25944,Fayette,Lexington,TownePlace Suites by Marriott Lexington Keeneland/Airport,"LAXMI NARAYAN III, LLC ",980 Midnight Pass,"Lexington, KY 40513",034-NQ4-4096,NQ4 Retail Malt Beverage Drink License,Active,03/13/2018,03/13/2018,11/30/2023
34991,Fayette,Lexington,Trifecta: Glass – Art - Lounge,Trifecta Design LLC ,243 Walton Ave,"Lexington, KY 40508",034-NQ4-191500,NQ4 Retail Malt Beverage Drink License,Active,07/15/2022,07/15/2022,11/30/2023
34466,Fayette,Lexington,Tru by Hilton,"Waller on Inn, LLC ",535 Waller Ave,"Lexington, KY 40504",034-NQ4-192915,NQ4 Retail Malt Beverage Drink License,Active,09/22/2022,09/22/2022,11/30/2023
6459,Fayette,Lexington,Twisted Cork,Momma Sue LLC ,3344 Partner Pl Ste 6,"Lexington, KY 40503",034-NQ4-2804,NQ4 Retail Malt Beverage Drink License,Active,12/02/2013,12/02/2013,11/30/2023
5559,Fayette,Lexington,Uncle Sevens,Uncle Sevens LLC ,628 Delzan Pl,"Lexington, KY 40503",034-NQ4-4034,NQ4 Retail Malt Beverage Drink License,Active,12/05/2017,12/05/2017,11/30/2023
6110,Fayette,Lexington,University Club Of Kentucky,"UCKY, LLC ",4850 Leestown Rd,"Lexington, KY 40511",034-NQ2-188979,NQ2 Retail Drink License,Active,02/21/2022,02/21/2022,11/30/2023
3934,Fayette,Lexington,Vfw Bluegrass Post #680,"VETERANS OF FOREIGN WARS OF THE UNITED STATES, INC. ",1494 Leestown Rd,"Lexington, KY 40511",034-NQ3-1120,NQ3 Retail Drink License,Active,05/13/2013,06/25/2013,11/30/2023
32683,Fayette,Lexington,Villainous,"VILLAINOUS LEXINGTON, LLC  ",502 W Second St,"Lexington, KY 40508",034-NQ2-191400,NQ2 Retail Drink License,Active,07/09/2022,07/09/2022,11/30/2023
16891,Fayette,Lexington,West Sixth Brewing,"West Sixth Brewing Company, LLC ",501 W Sixth St,"Lexington, KY 40508",034-NQ4-2170,NQ4 Retail Malt Beverage Drink License,Active,05/13/2013,06/25/2013,08/31/2023
33934,Fayette,Lexington,Whiskey Bear,"Whiskey Bear, LLC ","3195 Beaumont Centre Cir, Suite 100","Lexington, KY 40513",034-NQ4-191380,NQ4 Retail Malt Beverage Drink License,Active,07/08/2022,07/08/2022,11/30/2023
24740,Fayette,Lexington,Whole Foods Market,"WHOLE FOODS MARKET GROUP, INC. ",4059 Finn Way,"Lexington, KY 40517",034-NQ4-3838,NQ4 Retail Malt Beverage Drink License,Active,06/09/2017,06/09/2017,08/31/2023
15367,Fayette,Lexington,Wild Cat Saloon Lex,WCS LEX Inc ,123 Cheapside,"Lexington, KY 40507",034-NQ4-1993,NQ4 Retail Malt Beverage Drink License,Active,05/13/2013,06/25/2013,11/30/2023
21346,Fayette,Lexington,Wild Eggs,Hamburg Eggs LLC ,1925 Justice Dr,"Lexington, KY 40509",034-NQ2-2626,NQ2 Retail Drink License,Active,12/29/2014,12/29/2014,11/30/2023
20339,Fayette,Lexington,Wild Eggs,"Palomar Eggs, LLC ",3735 Palomar Centre Dr Ste 110 & 120,"Lexington, KY 40513",034-NQ2-2436,NQ2 Retail Drink License,Active,02/12/2014,02/12/2014,11/30/2023
30183,Fayette,Lexington,William Tarr Distillery,"RD#1 Bourbon, LLC ",1170 Manchester Pl Ste 190,"Lexington, KY 40508",034-NQ2-169615,NQ2 Retail Drink License,Active,10/02/2020,10/02/2020,11/30/2023
8171,Fayette,Lexington,Winburn Fruit Super Mercado,WINBURN FRUIT SUPER MARKET LLC ,1198 Winburn Dr,"Lexington, KY 40511",034-NQ4-192461,NQ4 Retail Malt Beverage Drink License,Active,08/30/2022,08/30/2022,11/30/2023
5432,Fayette,Lexington,Winchell's Rest & Sports Bar,"GAMEFACE, INC. ",348 Southland Dr,"Lexington, KY 40503",034-NQ2-1005,NQ2 Retail Drink License,Active,05/13/2013,06/25/2013,11/30/2023
3355,Fayette,Lexington,Windy Corner Market,"WINDY CORNER MARKET, LLC ",4595 Bryan Station Rd,"Lexington, KY 40516",034-NQ2-1777,NQ2 Retail Drink License,Active,05/13/2013,06/25/2013,11/30/2023
13143,Fayette,Lexington,Wine and Market,ReneeRoseWine LLC ,486 W Second St,"Lexington, KY 40507",034-NQ4-4222,NQ4 Retail Malt Beverage Drink License,Active,07/13/2018,07/13/2018,11/30/2023
27497,Fayette,Lexington,Wise Bird Cider Co,"WISE BIRD CIDER CO, LLC ",1170 Manchester Pl Ste 140,"Lexington, KY 40508",034-NQ4-4407,NQ4 Retail Malt Beverage Drink License,Active,02/27/2019,02/27/2019,11/30/2023
15919,Fayette,Lexington,XOXO,Apollo Entertainment Group LLC ,367 W Short St,"Lexington, KY 40507",034-NQ4-189434,NQ4 Retail Malt Beverage Drink License,Active,03/16/2022,03/16/2022,11/30/2023
28812,Fayette,Lexington,Yesterday's Lounge,YESTERDAY'S INC. ,828 Lane Allen Rd Ste 140 & 150,"Lexington, KY 40504",034-NQ4-4681,NQ4 Retail Malt Beverage Drink License,Active,11/06/2019,11/06/2019,11/30/2023
5944,Fayette,Lexington,Zen Sushi & sake,Caiye LLC ,3070 Lakecrest Cir Ste 500,"Lexington, KY 40513",034-NQ4-187342,NQ4 Retail Malt Beverage Drink License,Active,12/06/2021,12/06/2021,11/30/2023
27204,Fayette,Lexington,Zim's Cafe,"Zim's Cafe , LLC ",215 W. Main Street,"Lexington, KY 40507",034-NQ2-3843,NQ2 Retail Drink License,Active,11/15/2018,11/15/2018,11/30/2023
35579,Fayette,Lexington,Zundo,ZUNDO RAMEN AND POKE LLC ,127 W Tiverton Way,"Lexington, KY 40503",034-NQ2-193247,NQ2 Retail Drink License,Active,10/13/2022,10/13/2022,11/30/2023

