,name,firststage,statlist,attacktype,typelist,type1,type2,typesynergy,goodmoves,coverage,lowestlevel,goodmovesrating,statscore,availabilityscore,counterscore,TOTALSCORE
3,sceptile,treecko,"[70, 85, 65, 105, 85, 120]",mixed,['grass'],grass,,1.0,"[['slam', 'normal'], ['hyper-beam', 'normal'], ['strength', 'normal'], ['solar-beam', 'grass'], ['earthquake', 'ground'], ['dig', 'ground'], ['giga-drain', 'grass'], ['iron-tail', 'steel'], ['facade', 'normal'], ['focus-punch', 'fighting'], ['brick-break', 'fighting'], ['secret-power', 'normal'], ['dragon-claw', 'dragon'], ['leaf-blade', 'grass']]","['normal', 'grass', 'ground', 'steel', 'fighting', 'dragon']",5,0.875,0.8933333333333333,0.8333333333333334,1.0,89.9
6,blaziken,torchic,"[80, 120, 70, 110, 70, 80]",mixed,"['fire', 'fighting']",fire,fighting,1.0,"[['fire-punch', 'fire'], ['hyper-beam', 'normal'], ['strength', 'normal'], ['earthquake', 'ground'], ['dig', 'ground'], ['fire-blast', 'fire'], ['slash', 'normal'], ['facade', 'normal'], ['focus-punch', 'fighting'], ['brick-break', 'fighting'], ['secret-power', 'normal'], ['blaze-kick', 'fire'], ['overheat', 'fire']]","['fire', 'normal', 'ground', 'fighting']",5,0.9,0.8266666666666665,0.8333333333333334,0.9,86.73333333333333
9,swampert,mudkip,"[100, 110, 90, 85, 90, 60]",mixed,"['water', 'ground']",water,ground,1.0,"[['take-down', 'normal'], ['surf', 'water'], ['ice-beam', 'ice'], ['blizzard', 'ice'], ['hyper-beam', 'normal'], ['strength', 'normal'], ['earthquake', 'ground'], ['dig', 'ground'], ['waterfall', 'water'], ['iron-tail', 'steel'], ['facade', 'normal'], ['focus-punch', 'fighting'], ['brick-break', 'fighting'], ['secret-power', 'normal'], ['dive', 'water'], ['muddy-water', 'water']]","['normal', 'water', 'ice', 'ground', 'steel', 'fighting']",5,1.0,0.8266666666666665,0.8333333333333334,1.0,89.73333333333333
11,mightyena,poochyena,"[70, 90, 70, 60, 60, 70]",physical,['dark'],dark,,0.0,"[['take-down', 'normal'], ['hyper-beam', 'normal'], ['strength', 'normal'], ['dig', 'ground'], ['iron-tail', 'steel'], ['shadow-ball', 'ghost'], ['facade', 'normal'], ['secret-power', 'normal']]","['normal', 'ground', 'steel', 'ghost']",2,0.4,0.6933333333333334,0.9333333333333333,1.0,64.4
13,linoone,zigzagoon,"[78, 70, 61, 50, 61, 100]",physical,['normal'],normal,,1.0,"[['headbutt', 'normal'], ['headbutt', 'normal'], ['hyper-beam', 'normal'], ['strength', 'normal'], ['dig', 'ground'], ['slash', 'normal'], ['iron-tail', 'steel'], ['shadow-ball', 'ghost'], ['facade', 'normal'], ['secret-power', 'normal']]","['normal', 'ground', 'steel', 'ghost']",2,0.775,0.72,0.9333333333333333,1.0,82.96666666666667
16,beautifly,wurmple,"[60, 70, 50, 100, 50, 65]",mixed,"['bug', 'flying']",bug,flying,1.0,"[['hyper-beam', 'normal'], ['solar-beam', 'grass'], ['psychic', 'psychic'], ['giga-drain', 'grass'], ['giga-drain', 'grass'], ['shadow-ball', 'ghost'], ['facade', 'normal'], ['secret-power', 'normal']]","['normal', 'grass', 'psychic', 'ghost']",2,0.4,0.6533333333333333,0.9333333333333333,0.4,66.8
18,dustox,wurmple,"[60, 50, 70, 50, 90, 65]",mixed,"['bug', 'poison']",bug,poison,1.0,"[['hyper-beam', 'normal'], ['solar-beam', 'grass'], ['psychic', 'psychic'], ['sludge-bomb', 'poison'], ['giga-drain', 'grass'], ['shadow-ball', 'ghost'], ['facade', 'normal'], ['secret-power', 'normal']]","['normal', 'grass', 'psychic', 'poison', 'ghost']",2,0.875,0.6,0.9333333333333333,0.55,75.66666666666667
21,ludicolo,lotad,"[80, 70, 70, 90, 100, 70]",mixed,"['water', 'grass']",water,grass,1.0,"[['surf', 'water'], ['ice-beam', 'ice'], ['blizzard', 'ice'], ['hyper-beam', 'normal'], ['strength', 'normal'], ['solar-beam', 'grass'], ['waterfall', 'water'], ['giga-drain', 'grass'], ['facade', 'normal'], ['focus-punch', 'fighting'], ['brick-break', 'fighting'], ['secret-power', 'normal'], ['dive', 'water']]","['water', 'ice', 'normal', 'grass', 'fighting']",3,1.0,0.76,0.9,1.0,88.4
24,shiftry,seedot,"[90, 100, 60, 90, 60, 80]",mixed,"['grass', 'dark']",grass,dark,1.0,"[['hyper-beam', 'normal'], ['strength', 'normal'], ['solar-beam', 'grass'], ['dig', 'ground'], ['giga-drain', 'grass'], ['shadow-ball', 'ghost'], ['facade', 'normal'], ['brick-break', 'fighting'], ['secret-power', 'normal']]","['normal', 'grass', 'ground', 'ghost', 'fighting']",3,0.875,0.76,0.9,1.0,85.9
26,swellow,taillow,"[60, 85, 60, 75, 50, 125]",mixed,"['normal', 'flying']",normal,flying,1.0,"[['fly', 'flying'], ['hyper-beam', 'normal'], ['steel-wing', 'steel'], ['facade', 'normal'], ['secret-power', 'normal']]","['flying', 'normal', 'steel']",4,0.8,0.7866666666666667,0.8666666666666667,0.5,79.80000000000001
28,pelipper,wingull,"[60, 50, 100, 95, 70, 65]",special,"['water', 'flying']",water,flying,0.75,"[['surf', 'water'], ['ice-beam', 'ice'], ['blizzard', 'ice']]","['water', 'ice']",2,0.575,0.7333333333333333,0.9333333333333333,0.75,74.5
31,gardevoir,ralts,"[68, 65, 65, 125, 115, 80]",special,['psychic'],psychic,,1.0,"[['thunderbolt', 'electric'], ['psychic', 'psychic'], ['psychic', 'psychic'], ['future-sight', 'psychic']]","['electric', 'psychic']",4,0.575,0.8773333333333333,0.8666666666666667,0.65,80.42666666666668
33,masquerain,surskit,"[70, 60, 62, 100, 82, 80]",special,"['bug', 'flying']",bug,flying,0.0,"[['ice-beam', 'ice'], ['blizzard', 'ice'], ['solar-beam', 'grass'], ['giga-drain', 'grass']]","['ice', 'grass']",3,0.2,0.7653333333333332,0.9,0.3,55.61333333333333
35,breloom,shroomish,"[60, 130, 80, 60, 60, 70]",physical,"['grass', 'fighting']",grass,fighting,0.75,"[['headbutt', 'normal'], ['hyper-beam', 'normal'], ['strength', 'normal'], ['sludge-bomb', 'poison'], ['iron-tail', 'steel'], ['facade', 'normal'], ['focus-punch', 'fighting'], ['brick-break', 'fighting'], ['secret-power', 'normal'], ['sky-uppercut', 'fighting']]","['normal', 'poison', 'steel', 'fighting']",5,0.775,0.8,0.8333333333333334,0.55,77.16666666666667
38,slaking,slakoth,"[150, 160, 100, 95, 65, 100]",mixed,['normal'],normal,,1.0,"[['ice-beam', 'ice'], ['blizzard', 'ice'], ['hyper-beam', 'normal'], ['strength', 'normal'], ['solar-beam', 'grass'], ['thunderbolt', 'electric'], ['thunder', 'electric'], ['earthquake', 'ground'], ['fire-blast', 'fire'], ['shadow-ball', 'ghost'], ['facade', 'normal'], ['focus-punch', 'fighting'], ['brick-break', 'fighting'], ['secret-power', 'normal']]","['ice', 'normal', 'grass', 'electric', 'ground', 'fire', 'ghost', 'fighting']",5,0.875,1.0,0.8333333333333334,1.0,94.16666666666667
40,kadabra,abra,"[40, 35, 30, 120, 70, 105]",special,['psychic'],psychic,,1.0,"[['psychic', 'psychic'], ['psychic', 'psychic'], ['future-sight', 'psychic']]",['psychic'],7,0.475,0.7866666666666666,0.7666666666666667,0.45,70.8
41,alakazam,abra,"[55, 50, 45, 135, 95, 120]",special,['psychic'],psychic,,1.0,"[['psychic', 'psychic'], ['psychic', 'psychic'], ['future-sight', 'psychic']]",['psychic'],7,0.475,0.9400000000000001,0.7666666666666667,0.45,76.93333333333334
43,ninjask,nincada,"[61, 90, 45, 50, 50, 160]",physical,"['bug', 'flying']",bug,flying,1.0,"[['hyper-beam', 'normal'], ['dig', 'ground'], ['leech-life', 'bug'], ['leech-life', 'bug'], ['slash', 'normal'], ['shadow-ball', 'ghost'], ['facade', 'normal'], ['secret-power', 'normal']]","['normal', 'ground', 'bug', 'ghost']",6,0.775,0.8480000000000001,0.8,0.6,81.42
44,shedinja,nincada,"[1, 90, 45, 30, 30, 40]",physical,"['bug', 'ghost']",bug,ghost,1.0,"[['hyper-beam', 'normal'], ['dig', 'ground'], ['leech-life', 'bug'], ['shadow-ball', 'ghost'], ['shadow-ball', 'ghost'], ['facade', 'normal'], ['secret-power', 'normal']]","['normal', 'ground', 'bug', 'ghost']",6,0.9,0.44799999999999995,0.8,0.6,67.92
47,exploud,whismur,"[104, 91, 63, 91, 73, 68]",mixed,['normal'],normal,,1.0,"[['ice-beam', 'ice'], ['blizzard', 'ice'], ['hyper-beam', 'normal'], ['hyper-beam', 'normal'], ['strength', 'normal'], ['solar-beam', 'grass'], ['earthquake', 'ground'], ['fire-blast', 'fire'], ['shadow-ball', 'ghost'], ['uproar', 'normal'], ['uproar', 'normal'], ['facade', 'normal'], ['brick-break', 'fighting'], ['secret-power', 'normal'], ['overheat', 'fire']]","['ice', 'normal', 'grass', 'ground', 'fire', 'ghost', 'fighting']",5,0.875,0.744,0.8333333333333334,1.0,83.92666666666666
49,hariyama,makuhita,"[144, 120, 60, 40, 60, 50]",physical,['fighting'],fighting,,1.0,"[['hyper-beam', 'normal'], ['strength', 'normal'], ['earthquake', 'ground'], ['dig', 'ground'], ['vital-throw', 'fighting'], ['facade', 'normal'], ['focus-punch', 'fighting'], ['smelling-salts', 'normal'], ['brick-break', 'fighting'], ['secret-power', 'normal']]","['normal', 'ground', 'fighting']",6,0.675,0.8053333333333335,0.8,1.0,81.71333333333334
51,seaking,goldeen,"[80, 92, 65, 65, 80, 68]",physical,['water'],water,,0.0,"[['hyper-beam', 'normal'], ['facade', 'normal'], ['secret-power', 'normal']]",['normal'],5,0.1,0.7266666666666667,0.8333333333333334,0.5,52.733333333333334
53,gyarados,magikarp,"[95, 125, 79, 60, 100, 81]",physical,"['water', 'flying']",water,flying,0.75,"[['thrash', 'normal'], ['hyper-beam', 'normal'], ['strength', 'normal'], ['earthquake', 'ground'], ['facade', 'normal'], ['secret-power', 'normal']]","['normal', 'ground']",5,0.2,0.9146666666666666,0.8333333333333334,0.75,72.25333333333333
56,azumarill,marill,"[100, 50, 80, 60, 80, 50]",mixed,['water'],water,,1.0,"[['double-edge', 'normal'], ['surf', 'water'], ['ice-beam', 'ice'], ['blizzard', 'ice'], ['hyper-beam', 'normal'], ['strength', 'normal'], ['dig', 'ground'], ['waterfall', 'water'], ['iron-tail', 'steel'], ['facade', 'normal'], ['focus-punch', 'fighting'], ['brick-break', 'fighting'], ['secret-power', 'normal'], ['dive', 'water']]","['normal', 'water', 'ice', 'ground', 'steel', 'fighting']",4,0.875,0.6399999999999999,0.8666666666666667,1.0,80.43333333333334
58,graveler,geodude,"[55, 95, 115, 45, 45, 35]",physical,"['rock', 'ground']",rock,ground,1.0,"[['strength', 'normal'], ['earthquake', 'ground'], ['earthquake', 'ground'], ['dig', 'ground'], ['self-destruct', 'normal'], ['facade', 'normal'], ['focus-punch', 'fighting'], ['brick-break', 'fighting'], ['secret-power', 'normal']]","['normal', 'ground', 'fighting']",5,0.675,0.6333333333333334,0.8333333333333334,0.75,73.0
59,golem,geodude,"[80, 120, 130, 55, 65, 45]",physical,"['rock', 'ground']",rock,ground,1.0,"[['hyper-beam', 'normal'], ['strength', 'normal'], ['earthquake', 'ground'], ['earthquake', 'ground'], ['dig', 'ground'], ['self-destruct', 'normal'], ['facade', 'normal'], ['focus-punch', 'fighting'], ['brick-break', 'fighting'], ['secret-power', 'normal']]","['normal', 'ground', 'fighting']",5,0.675,0.8066666666666666,0.8333333333333334,0.75,79.93333333333334
60,nosepass,nosepass,"[30, 45, 135, 45, 90, 30]",mixed,['rock'],rock,,1.0,"[['strength', 'normal'], ['thunderbolt', 'electric'], ['thunder', 'electric'], ['earthquake', 'ground'], ['rock-slide', 'rock'], ['zap-cannon', 'electric'], ['facade', 'normal'], ['secret-power', 'normal']]","['normal', 'electric', 'ground', 'rock']",10,0.775,0.5399999999999999,0.6666666666666666,0.9,69.43333333333332
62,delcatty,skitty,"[70, 65, 65, 55, 55, 90]",mixed,['normal'],normal,,1.0,"[['ice-beam', 'ice'], ['blizzard', 'ice'], ['hyper-beam', 'normal'], ['strength', 'normal'], ['solar-beam', 'grass'], ['thunderbolt', 'electric'], ['thunder', 'electric'], ['dig', 'ground'], ['iron-tail', 'steel'], ['shadow-ball', 'ghost'], ['facade', 'normal'], ['secret-power', 'normal']]","['ice', 'normal', 'grass', 'electric', 'ground', 'steel', 'ghost']",7,0.875,0.6666666666666666,0.7666666666666667,1.0,79.5
65,crobat,zubat,"[85, 90, 80, 70, 80, 130]",mixed,"['poison', 'flying']",poison,flying,1.0,"[['fly', 'flying'], ['hyper-beam', 'normal'], ['leech-life', 'bug'], ['sludge-bomb', 'poison'], ['giga-drain', 'grass'], ['steel-wing', 'steel'], ['shadow-ball', 'ghost'], ['facade', 'normal'], ['secret-power', 'normal']]","['flying', 'normal', 'bug', 'poison', 'grass', 'steel', 'ghost']",5,1.0,0.9133333333333333,0.8333333333333334,0.75,90.7
67,tentacruel,tentacool,"[80, 70, 65, 80, 120, 100]",mixed,"['water', 'poison']",water,poison,1.0,"[['surf', 'water'], ['ice-beam', 'ice'], ['blizzard', 'ice'], ['hyper-beam', 'normal'], ['waterfall', 'water'], ['sludge-bomb', 'poison'], ['giga-drain', 'grass'], ['facade', 'normal'], ['secret-power', 'normal'], ['dive', 'water']]","['water', 'ice', 'normal', 'poison', 'grass']",5,1.0,0.8333333333333333,0.8333333333333334,0.85,88.5
68,sableye,sableye,"[50, 75, 75, 65, 65, 50]",mixed,"['dark', 'ghost']",dark,ghost,1.0,"[['dig', 'ground'], ['psychic', 'psychic'], ['shadow-ball', 'ghost'], ['shadow-ball', 'ghost'], ['facade', 'normal'], ['focus-punch', 'fighting'], ['brick-break', 'fighting'], ['secret-power', 'normal']]","['ground', 'psychic', 'ghost', 'normal', 'fighting']",9,0.875,0.5866666666666667,0.7,1.0,74.96666666666667
69,mawile,mawile,"[50, 85, 85, 55, 55, 50]",physical,['steel'],steel,,1.0,"[['hyper-beam', 'normal'], ['strength', 'normal'], ['sludge-bomb', 'poison'], ['facade', 'normal'], ['focus-punch', 'fighting'], ['brick-break', 'fighting'], ['secret-power', 'normal']]","['normal', 'poison', 'fighting']",9,0.3,0.6133333333333333,0.7,0.85,63.03333333333333
72,aggron,aron,"[70, 110, 180, 60, 60, 50]",physical,"['steel', 'rock']",steel,rock,1.0,"[['headbutt', 'normal'], ['headbutt', 'normal'], ['take-down', 'normal'], ['hyper-beam', 'normal'], ['strength', 'normal'], ['earthquake', 'ground'], ['dig', 'ground'], ['iron-tail', 'steel'], ['iron-tail', 'steel'], ['facade', 'normal'], ['focus-punch', 'fighting'], ['brick-break', 'fighting'], ['secret-power', 'normal']]","['normal', 'ground', 'steel', 'fighting']",7,0.775,0.8266666666666668,0.7666666666666667,1.0,83.9
74,machoke,machop,"[80, 100, 70, 50, 60, 45]",physical,['fighting'],fighting,,1.0,"[['submission', 'fighting'], ['strength', 'normal'], ['earthquake', 'ground'], ['dig', 'ground'], ['vital-throw', 'fighting'], ['cross-chop', 'fighting'], ['facade', 'normal'], ['focus-punch', 'fighting'], ['brick-break', 'fighting'], ['secret-power', 'normal']]","['fighting', 'normal', 'ground']",14,0.675,0.6666666666666667,0.5333333333333333,1.0,70.83333333333334
75,machamp,machop,"[90, 130, 80, 65, 85, 55]",physical,['fighting'],fighting,,1.0,"[['hyper-beam', 'normal'], ['submission', 'fighting'], ['strength', 'normal'], ['earthquake', 'ground'], ['dig', 'ground'], ['vital-throw', 'fighting'], ['cross-chop', 'fighting'], ['facade', 'normal'], ['focus-punch', 'fighting'], ['brick-break', 'fighting'], ['secret-power', 'normal']]","['normal', 'fighting', 'ground']",14,0.675,0.8333333333333334,0.5333333333333333,1.0,77.5
77,medicham,meditite,"[60, 60, 75, 60, 75, 80]",mixed,"['fighting', 'psychic']",fighting,psychic,1.0,"[['fire-punch', 'fire'], ['ice-punch', 'ice'], ['thunder-punch', 'electric'], ['hyper-beam', 'normal'], ['strength', 'normal'], ['psychic', 'psychic'], ['high-jump-kick', 'fighting'], ['shadow-ball', 'ghost'], ['facade', 'normal'], ['focus-punch', 'fighting'], ['brick-break', 'fighting'], ['secret-power', 'normal']]","['fire', 'ice', 'electric', 'normal', 'psychic', 'fighting', 'ghost']",27,1.0,0.6533333333333333,0.1,1.0,68.13333333333333
79,manectric,electrike,"[70, 75, 60, 105, 60, 105]",mixed,['electric'],electric,,1.0,"[['hyper-beam', 'normal'], ['strength', 'normal'], ['thunderbolt', 'electric'], ['thunder', 'electric'], ['thunder', 'electric'], ['iron-tail', 'steel'], ['facade', 'normal'], ['secret-power', 'normal']]","['normal', 'electric', 'steel']",12,0.675,0.8133333333333332,0.6,1.0,78.03333333333333
80,plusle,plusle,"[60, 50, 40, 85, 75, 95]",special,['electric'],electric,,1.0,"[['thunderbolt', 'electric'], ['thunder', 'electric'], ['thunder', 'electric']]",['electric'],12,0.475,0.7133333333333333,0.6,0.85,68.53333333333333
81,minun,minun,"[60, 40, 50, 75, 85, 95]",special,['electric'],electric,,1.0,"[['thunderbolt', 'electric'], ['thunder', 'electric'], ['thunder', 'electric']]",['electric'],12,0.475,0.7133333333333333,0.6,0.85,68.53333333333333
83,magneton,magnemite,"[50, 60, 95, 120, 70, 70]",special,"['electric', 'steel']",electric,steel,0.75,"[['thunderbolt', 'electric'], ['thunder', 'electric']]",['electric'],22,0.475,0.7933333333333333,0.26666666666666666,0.55,59.56666666666667
85,electrode,voltorb,"[60, 50, 70, 80, 80, 150]",special,['electric'],electric,,1.0,"[['thunderbolt', 'electric'], ['thunder', 'electric']]",['electric'],22,0.475,0.8933333333333333,0.26666666666666666,0.85,69.06666666666666
86,volbeat,volbeat,"[65, 73, 75, 47, 85, 85]",physical,['bug'],bug,,1.0,"[['double-edge', 'normal'], ['shadow-ball', 'ghost'], ['facade', 'normal'], ['focus-punch', 'fighting'], ['brick-break', 'fighting'], ['secret-power', 'normal'], ['signal-beam', 'bug']]","['normal', 'ghost', 'fighting', 'bug']",13,0.775,0.7213333333333334,0.5666666666666667,0.9,74.68666666666667
87,illumise,illumise,"[65, 47, 75, 73, 85, 85]",special,['bug'],bug,,0.0,"[['solar-beam', 'grass'], ['thunderbolt', 'electric'], ['thunder', 'electric'], ['giga-drain', 'grass']]","['grass', 'electric']",13,0.2,0.7213333333333334,0.5666666666666667,0.5,49.18666666666667
90,vileplume,oddish,"[75, 80, 85, 110, 90, 50]",mixed,"['grass', 'poison']",grass,poison,1.0,"[['hyper-beam', 'normal'], ['solar-beam', 'grass'], ['petal-dance', 'grass'], ['sludge-bomb', 'poison'], ['giga-drain', 'grass'], ['facade', 'normal'], ['secret-power', 'normal']]","['normal', 'grass', 'poison']",13,0.8,0.76,0.5666666666666667,0.25,70.23333333333333
91,bellossom,oddish,"[75, 80, 95, 90, 100, 50]",mixed,['grass'],grass,,1.0,"[['hyper-beam', 'normal'], ['solar-beam', 'grass'], ['petal-dance', 'grass'], ['sludge-bomb', 'poison'], ['giga-drain', 'grass'], ['facade', 'normal'], ['secret-power', 'normal']]","['normal', 'grass', 'poison']",13,0.675,0.7333333333333333,0.5666666666666667,0.4,68.16666666666666
93,dodrio,doduo,"[60, 110, 70, 60, 60, 110]",physical,"['normal', 'flying']",normal,flying,1.0,"[['fly', 'flying'], ['hyper-beam', 'normal'], ['drill-peck', 'flying'], ['tri-attack', 'normal'], ['steel-wing', 'steel'], ['uproar', 'normal'], ['facade', 'normal'], ['secret-power', 'normal']]","['flying', 'normal', 'steel']",25,0.8,0.8400000000000001,0.16666666666666666,0.5,67.93333333333334
94,roselia,roselia,"[50, 60, 45, 100, 80, 65]",special,"['grass', 'poison']",grass,poison,0.75,"[['solar-beam', 'grass'], ['petal-dance', 'grass'], ['giga-drain', 'grass'], ['giga-drain', 'grass']]",['grass'],13,0.475,0.6733333333333333,0.5666666666666667,0.25,57.766666666666666
96,swalot,gulpin,"[100, 73, 83, 73, 83, 55]",mixed,['poison'],poison,,1.0,"[['body-slam', 'normal'], ['ice-beam', 'ice'], ['hyper-beam', 'normal'], ['strength', 'normal'], ['solar-beam', 'grass'], ['sludge-bomb', 'poison'], ['sludge-bomb', 'poison'], ['giga-drain', 'grass'], ['shadow-ball', 'ghost'], ['facade', 'normal'], ['secret-power', 'normal']]","['normal', 'ice', 'grass', 'poison', 'ghost']",12,0.875,0.6960000000000001,0.6,1.0,77.34
98,sharpedo,carvanha,"[70, 120, 40, 95, 40, 95]",mixed,"['water', 'dark']",water,dark,1.0,"[['surf', 'water'], ['ice-beam', 'ice'], ['blizzard', 'ice'], ['hyper-beam', 'normal'], ['strength', 'normal'], ['earthquake', 'ground'], ['waterfall', 'water'], ['skull-bash', 'normal'], ['slash', 'normal'], ['crunch', 'dark'], ['facade', 'normal'], ['secret-power', 'normal'], ['dive', 'water']]","['water', 'ice', 'normal', 'ground', 'dark']",10,1.0,0.7733333333333333,0.6666666666666666,1.0,84.26666666666667
100,wailord,wailmer,"[170, 90, 45, 90, 45, 60]",mixed,['water'],water,,1.0,"[['surf', 'water'], ['ice-beam', 'ice'], ['blizzard', 'ice'], ['hyper-beam', 'normal'], ['strength', 'normal'], ['earthquake', 'ground'], ['waterfall', 'water'], ['facade', 'normal'], ['secret-power', 'normal'], ['dive', 'water'], ['water-spout', 'water']]","['water', 'ice', 'normal', 'ground']",10,0.775,0.7466666666666667,0.6666666666666666,1.0,78.7
102,camerupt,numel,"[70, 100, 70, 105, 75, 40]",mixed,"['fire', 'ground']",fire,ground,1.0,"[['take-down', 'normal'], ['hyper-beam', 'normal'], ['strength', 'normal'], ['earthquake', 'ground'], ['earthquake', 'ground'], ['dig', 'ground'], ['fire-blast', 'fire'], ['rock-slide', 'rock'], ['facade', 'normal'], ['eruption', 'fire'], ['secret-power', 'normal'], ['overheat', 'fire']]","['normal', 'ground', 'fire', 'rock']",14,0.9,0.6733333333333332,0.5333333333333333,1.0,75.6
104,magcargo,slugma,"[60, 50, 120, 90, 80, 30]",special,"['fire', 'rock']",fire,rock,0.75,"[['flamethrower', 'fire'], ['fire-blast', 'fire'], ['overheat', 'fire']]",['fire'],14,0.475,0.6666666666666667,0.5333333333333333,0.4,58.333333333333336
105,torkoal,torkoal,"[70, 85, 140, 85, 70, 20]",mixed,['fire'],fire,,1.0,"[['body-slam', 'normal'], ['flamethrower', 'fire'], ['strength', 'normal'], ['fire-blast', 'fire'], ['sludge-bomb', 'poison'], ['iron-tail', 'steel'], ['heat-wave', 'fire'], ['facade', 'normal'], ['secret-power', 'normal'], ['overheat', 'fire']]","['normal', 'fire', 'poison', 'steel']",14,0.775,0.6533333333333333,0.5333333333333333,0.65,68.8
107,muk,grimer,"[105, 105, 75, 65, 100, 50]",physical,['poison'],poison,,1.0,"[['hyper-beam', 'normal'], ['strength', 'normal'], ['dig', 'ground'], ['sludge-bomb', 'poison'], ['sludge-bomb', 'poison'], ['facade', 'normal'], ['focus-punch', 'fighting'], ['brick-break', 'fighting'], ['secret-power', 'normal']]","['normal', 'ground', 'poison', 'fighting']",14,0.775,0.7866666666666666,0.5333333333333333,1.0,77.63333333333334
109,weezing,koffing,"[65, 90, 120, 85, 70, 60]",mixed,['poison'],poison,,1.0,"[['hyper-beam', 'normal'], ['thunderbolt', 'electric'], ['thunder', 'electric'], ['self-destruct', 'normal'], ['self-destruct', 'normal'], ['fire-blast', 'fire'], ['explosion', 'normal'], ['sludge-bomb', 'poison'], ['shadow-ball', 'ghost'], ['facade', 'normal'], ['secret-power', 'normal']]","['normal', 'electric', 'fire', 'poison', 'ghost']",14,0.875,0.74,0.5333333333333333,1.0,77.76666666666667
111,grumpig,spoink,"[80, 45, 65, 90, 110, 80]",special,['psychic'],psychic,,1.0,"[['psychic', 'psychic'], ['psychic', 'psychic']]",['psychic'],18,0.475,0.7933333333333333,0.4,0.45,63.733333333333334
113,sandslash,sandshrew,"[75, 100, 110, 45, 55, 65]",physical,['ground'],ground,,1.0,"[['hyper-beam', 'normal'], ['strength', 'normal'], ['earthquake', 'ground'], ['dig', 'ground'], ['slash', 'normal'], ['iron-tail', 'steel'], ['facade', 'normal'], ['focus-punch', 'fighting'], ['brick-break', 'fighting'], ['secret-power', 'normal']]","['normal', 'ground', 'steel', 'fighting']",14,0.775,0.76,0.5333333333333333,1.0,76.56666666666666
114,spinda,spinda,"[60, 60, 60, 60, 60, 60]",mixed,['normal'],normal,,1.0,"[['double-edge', 'normal'], ['strength', 'normal'], ['dig', 'ground'], ['psychic', 'psychic'], ['dizzy-punch', 'normal'], ['shadow-ball', 'ghost'], ['uproar', 'normal'], ['facade', 'normal'], ['focus-punch', 'fighting'], ['brick-break', 'fighting'], ['secret-power', 'normal']]","['normal', 'ground', 'psychic', 'ghost', 'fighting']",14,0.875,0.5599999999999999,0.5333333333333333,1.0,70.56666666666666
115,skarmory,skarmory,"[65, 80, 140, 40, 70, 70]",physical,"['steel', 'flying']",steel,flying,1.0,"[['fly', 'flying'], ['steel-wing', 'steel'], ['steel-wing', 'steel'], ['facade', 'normal'], ['secret-power', 'normal']]","['flying', 'steel', 'normal']",16,0.8,0.7666666666666666,0.4666666666666667,0.65,72.5
118,flygon,trapinch,"[80, 100, 80, 80, 80, 100]",mixed,"['ground', 'dragon']",ground,dragon,1.0,"[['fly', 'flying'], ['hyper-beam', 'normal'], ['strength', 'normal'], ['solar-beam', 'grass'], ['earthquake', 'ground'], ['dig', 'ground'], ['fire-blast', 'fire'], ['giga-drain', 'grass'], ['steel-wing', 'steel'], ['iron-tail', 'steel'], ['crunch', 'dark'], ['facade', 'normal'], ['secret-power', 'normal'], ['dragon-claw', 'dragon']]","['flying', 'normal', 'grass', 'ground', 'fire', 'steel', 'dark', 'dragon']",19,1.0,0.8533333333333333,0.36666666666666664,1.0,81.46666666666665
120,cacturne,cacnea,"[70, 115, 60, 115, 60, 55]",mixed,"['grass', 'dark']",grass,dark,1.0,"[['hyper-beam', 'normal'], ['strength', 'normal'], ['solar-beam', 'grass'], ['giga-drain', 'grass'], ['facade', 'normal'], ['focus-punch', 'fighting'], ['secret-power', 'normal']]","['normal', 'grass', 'fighting']",19,0.675,0.7066666666666667,0.36666666666666664,0.65,65.6
122,altaria,swablu,"[75, 70, 90, 70, 105, 80]",mixed,"['dragon', 'flying']",dragon,flying,1.0,"[['fly', 'flying'], ['take-down', 'normal'], ['ice-beam', 'ice'], ['hyper-beam', 'normal'], ['solar-beam', 'grass'], ['earthquake', 'ground'], ['fire-blast', 'fire'], ['steel-wing', 'steel'], ['iron-tail', 'steel'], ['facade', 'normal'], ['secret-power', 'normal'], ['dragon-claw', 'dragon']]","['flying', 'normal', 'ice', 'grass', 'ground', 'fire', 'steel', 'dragon']",15,1.0,0.76,0.5,1.0,80.4
123,zangoose,zangoose,"[73, 115, 60, 60, 60, 90]",physical,['normal'],normal,,1.0,"[['strength', 'normal'], ['dig', 'ground'], ['slash', 'normal'], ['iron-tail', 'steel'], ['shadow-ball', 'ghost'], ['facade', 'normal'], ['focus-punch', 'fighting'], ['brick-break', 'fighting'], ['secret-power', 'normal'], ['crush-claw', 'normal']]","['normal', 'ground', 'steel', 'ghost', 'fighting']",15,0.875,0.804,0.5,1.0,79.66
124,seviper,seviper,"[73, 100, 60, 100, 60, 65]",mixed,['poison'],poison,,1.0,"[['strength', 'normal'], ['earthquake', 'ground'], ['dig', 'ground'], ['sludge-bomb', 'poison'], ['giga-drain', 'grass'], ['iron-tail', 'steel'], ['crunch', 'dark'], ['facade', 'normal'], ['secret-power', 'normal']]","['normal', 'ground', 'poison', 'grass', 'steel', 'dark']",15,0.875,0.6973333333333334,0.5,1.0,75.39333333333333
125,lunatone,lunatone,"[90, 55, 65, 95, 85, 70]",special,"['rock', 'psychic']",rock,psychic,0.75,"[['ice-beam', 'ice'], ['psychic', 'psychic'], ['psychic', 'psychic'], ['future-sight', 'psychic']]","['ice', 'psychic']",5,0.575,0.76,0.8333333333333334,0.35,69.56666666666666
126,solrock,solrock,"[90, 95, 85, 55, 65, 70]",physical,"['rock', 'psychic']",rock,psychic,0.75,"[['hyper-beam', 'normal'], ['earthquake', 'ground'], ['explosion', 'normal'], ['rock-slide', 'rock'], ['shadow-ball', 'ghost'], ['facade', 'normal'], ['secret-power', 'normal']]","['normal', 'ground', 'rock', 'ghost']",5,0.775,0.76,0.8333333333333334,0.85,78.56666666666666
128,whiscash,barboach,"[110, 78, 73, 76, 71, 60]",mixed,"['water', 'ground']",water,ground,1.0,"[['surf', 'water'], ['ice-beam', 'ice'], ['blizzard', 'ice'], ['hyper-beam', 'normal'], ['strength', 'normal'], ['earthquake', 'ground'], ['earthquake', 'ground'], ['waterfall', 'water'], ['future-sight', 'psychic'], ['facade', 'normal'], ['secret-power', 'normal'], ['dive', 'water']]","['water', 'ice', 'normal', 'ground', 'psychic']",10,1.0,0.7066666666666667,0.6666666666666666,1.0,81.6
130,crawdaunt,corphish,"[63, 120, 85, 90, 55, 55]",mixed,"['water', 'dark']",water,dark,1.0,"[['surf', 'water'], ['ice-beam', 'ice'], ['blizzard', 'ice'], ['hyper-beam', 'normal'], ['strength', 'normal'], ['dig', 'ground'], ['waterfall', 'water'], ['crabhammer', 'water'], ['sludge-bomb', 'poison'], ['facade', 'normal'], ['brick-break', 'fighting'], ['secret-power', 'normal'], ['dive', 'water']]","['water', 'ice', 'normal', 'ground', 'poison', 'fighting']",10,0.875,0.7373333333333333,0.6666666666666666,1.0,80.32666666666667
132,claydol,baltoy,"[60, 70, 105, 70, 120, 75]",mixed,"['ground', 'psychic']",ground,psychic,1.0,"[['ice-beam', 'ice'], ['hyper-beam', 'normal'], ['hyper-beam', 'normal'], ['strength', 'normal'], ['solar-beam', 'grass'], ['earthquake', 'ground'], ['dig', 'ground'], ['psychic', 'psychic'], ['self-destruct', 'normal'], ['shadow-ball', 'ghost'], ['facade', 'normal'], ['secret-power', 'normal']]","['ice', 'normal', 'grass', 'ground', 'psychic', 'ghost']",19,1.0,0.7666666666666666,0.36666666666666664,1.0,78.0
134,cradily,lileep,"[86, 81, 97, 81, 107, 43]",mixed,"['rock', 'grass']",rock,grass,1.0,"[['hyper-beam', 'normal'], ['strength', 'normal'], ['solar-beam', 'grass'], ['earthquake', 'ground'], ['sludge-bomb', 'poison'], ['giga-drain', 'grass'], ['facade', 'normal'], ['secret-power', 'normal']]","['normal', 'grass', 'ground', 'poison']",20,0.775,0.7173333333333334,0.3333333333333333,0.7,67.86
136,armaldo,anorith,"[75, 125, 100, 70, 80, 45]",mixed,"['rock', 'bug']",rock,bug,1.0,"[['hyper-beam', 'normal'], ['strength', 'normal'], ['earthquake', 'ground'], ['dig', 'ground'], ['iron-tail', 'steel'], ['facade', 'normal'], ['brick-break', 'fighting'], ['secret-power', 'normal']]","['normal', 'ground', 'steel', 'fighting']",20,0.4,0.7933333333333333,0.3333333333333333,0.9,65.4
139,wigglytuff,jigglypuff,"[140, 70, 45, 85, 50, 45]",mixed,['normal'],normal,,1.0,"[['ice-beam', 'ice'], ['blizzard', 'ice'], ['hyper-beam', 'normal'], ['strength', 'normal'], ['solar-beam', 'grass'], ['thunderbolt', 'electric'], ['thunder', 'electric'], ['dig', 'ground'], ['psychic', 'psychic'], ['fire-blast', 'fire'], ['shadow-ball', 'ghost'], ['facade', 'normal'], ['focus-punch', 'fighting'], ['brick-break', 'fighting'], ['secret-power', 'normal']]","['ice', 'normal', 'grass', 'electric', 'ground', 'psychic', 'fire', 'ghost', 'fighting']",24,0.875,0.66,0.2,1.0,67.9
141,milotic,feebas,"[95, 60, 79, 100, 125, 81]",special,['water'],water,,1.0,"[['hydro-pump', 'water'], ['surf', 'water'], ['ice-beam', 'ice'], ['blizzard', 'ice'], ['waterfall', 'water'], ['dive', 'water']]","['water', 'ice']",20,0.575,0.8813333333333333,0.3333333333333333,0.9,72.41999999999999
142,castform,castform,"[70, 70, 70, 70, 70, 70]",mixed,['normal'],normal,,1.0,"[['ice-beam', 'ice'], ['blizzard', 'ice'], ['solar-beam', 'grass'], ['thunderbolt', 'electric'], ['thunder', 'electric'], ['fire-blast', 'fire'], ['shadow-ball', 'ghost'], ['facade', 'normal'], ['secret-power', 'normal']]","['ice', 'grass', 'electric', 'fire', 'ghost', 'normal']",25,0.875,0.6533333333333333,0.16666666666666666,1.0,66.96666666666667
144,starmie,staryu,"[60, 75, 85, 100, 85, 115]",mixed,"['water', 'psychic']",water,psychic,1.0,"[['surf', 'water'], ['ice-beam', 'ice'], ['blizzard', 'ice'], ['hyper-beam', 'normal'], ['thunderbolt', 'electric'], ['thunder', 'electric'], ['psychic', 'psychic'], ['waterfall', 'water'], ['facade', 'normal'], ['secret-power', 'normal'], ['dive', 'water']]","['water', 'ice', 'normal', 'electric', 'psychic']",25,1.0,0.8800000000000001,0.16666666666666666,0.8,76.53333333333333
145,kecleon,kecleon,"[60, 90, 70, 60, 120, 40]",physical,['normal'],normal,,1.0,"[['strength', 'normal'], ['dig', 'ground'], ['slash', 'normal'], ['iron-tail', 'steel'], ['shadow-ball', 'ghost'], ['facade', 'normal'], ['focus-punch', 'fighting'], ['brick-break', 'fighting'], ['secret-power', 'normal']]","['normal', 'ground', 'steel', 'ghost', 'fighting']",25,0.875,0.6799999999999999,0.16666666666666666,1.0,68.03333333333333
147,banette,shuppet,"[64, 115, 65, 83, 63, 65]",mixed,['ghost'],ghost,,1.0,"[['hyper-beam', 'normal'], ['thunderbolt', 'electric'], ['thunder', 'electric'], ['psychic', 'psychic'], ['shadow-ball', 'ghost'], ['shadow-ball', 'ghost'], ['facade', 'normal'], ['secret-power', 'normal']]","['normal', 'electric', 'psychic', 'ghost']",22,0.775,0.736,0.26666666666666666,0.85,68.77333333333334
149,dusclops,duskull,"[40, 70, 130, 60, 130, 25]",mixed,['ghost'],ghost,,1.0,"[['ice-beam', 'ice'], ['blizzard', 'ice'], ['hyper-beam', 'normal'], ['strength', 'normal'], ['earthquake', 'ground'], ['psychic', 'psychic'], ['shadow-ball', 'ghost'], ['facade', 'normal'], ['focus-punch', 'fighting'], ['secret-power', 'normal']]","['ice', 'normal', 'ground', 'psychic', 'ghost', 'fighting']",22,0.875,0.6533333333333334,0.26666666666666666,1.0,68.96666666666667
150,tropius,tropius,"[99, 68, 83, 72, 87, 51]",mixed,"['grass', 'flying']",grass,flying,1.0,"[['fly', 'flying'], ['body-slam', 'normal'], ['hyper-beam', 'normal'], ['strength', 'normal'], ['solar-beam', 'grass'], ['solar-beam', 'grass'], ['earthquake', 'ground'], ['giga-drain', 'grass'], ['steel-wing', 'steel'], ['facade', 'normal'], ['secret-power', 'normal']]","['flying', 'normal', 'grass', 'ground', 'steel']",25,1.0,0.6866666666666666,0.16666666666666666,0.75,68.30000000000001
151,chimecho,chimecho,"[75, 50, 80, 95, 90, 65]",special,['psychic'],psychic,,1.0,"[['psychic', 'psychic'], ['psychic', 'psychic']]",['psychic'],28,0.475,0.7533333333333333,0.06666666666666667,0.45,55.46666666666667
152,absol,absol,"[65, 130, 60, 75, 60, 75]",mixed,['dark'],dark,,1.0,"[['razor-wind', 'normal'], ['ice-beam', 'ice'], ['blizzard', 'ice'], ['hyper-beam', 'normal'], ['strength', 'normal'], ['thunderbolt', 'electric'], ['thunder', 'electric'], ['fire-blast', 'fire'], ['slash', 'normal'], ['iron-tail', 'steel'], ['shadow-ball', 'ghost'], ['future-sight', 'psychic'], ['facade', 'normal'], ['secret-power', 'normal']]","['normal', 'ice', 'electric', 'fire', 'steel', 'ghost', 'psychic']",25,0.5,0.7933333333333333,0.16666666666666666,1.0,65.06666666666666
154,ninetales,vulpix,"[73, 76, 75, 81, 100, 100]",mixed,['fire'],fire,,1.0,"[['hyper-beam', 'normal'], ['dig', 'ground'], ['fire-blast', 'fire'], ['iron-tail', 'steel'], ['facade', 'normal'], ['secret-power', 'normal'], ['overheat', 'fire']]","['normal', 'ground', 'fire', 'steel']",25,0.775,0.8133333333333332,0.16666666666666666,0.85,69.86666666666667
157,raichu,pikachu,"[60, 90, 55, 90, 80, 110]",mixed,['electric'],electric,,1.0,"[['hyper-beam', 'normal'], ['strength', 'normal'], ['thunderbolt', 'electric'], ['thunderbolt', 'electric'], ['thunder', 'electric'], ['dig', 'ground'], ['iron-tail', 'steel'], ['facade', 'normal'], ['focus-punch', 'fighting'], ['brick-break', 'fighting'], ['secret-power', 'normal']]","['normal', 'electric', 'ground', 'steel', 'fighting']",25,0.875,0.7933333333333333,0.16666666666666666,1.0,72.56666666666666
159,golduck,psyduck,"[80, 82, 78, 95, 80, 85]",mixed,['water'],water,,1.0,"[['surf', 'water'], ['ice-beam', 'ice'], ['blizzard', 'ice'], ['hyper-beam', 'normal'], ['strength', 'normal'], ['dig', 'ground'], ['waterfall', 'water'], ['iron-tail', 'steel'], ['facade', 'normal'], ['focus-punch', 'fighting'], ['brick-break', 'fighting'], ['secret-power', 'normal'], ['dive', 'water']]","['water', 'ice', 'normal', 'ground', 'steel', 'fighting']",20,0.875,0.7973333333333333,0.3333333333333333,1.0,76.06
161,wobbuffet,wobbuffet,"[190, 33, 58, 33, 58, 33]",mixed,['psychic'],psychic,,1.0,[],[],27,0.0,0.576,0.1,0.35,38.54
163,xatu,natu,"[65, 75, 70, 95, 70, 95]",mixed,"['psychic', 'flying']",psychic,flying,1.0,"[['fly', 'flying'], ['hyper-beam', 'normal'], ['solar-beam', 'grass'], ['psychic', 'psychic'], ['giga-drain', 'grass'], ['steel-wing', 'steel'], ['shadow-ball', 'ghost'], ['future-sight', 'psychic'], ['facade', 'normal'], ['secret-power', 'normal']]","['flying', 'normal', 'grass', 'psychic', 'steel', 'ghost']",25,1.0,0.78,0.16666666666666666,0.5,69.53333333333333
164,girafarig,girafarig,"[70, 80, 65, 90, 65, 85]",mixed,"['normal', 'psychic']",normal,psychic,1.0,"[['strength', 'normal'], ['thunderbolt', 'electric'], ['thunder', 'electric'], ['earthquake', 'ground'], ['psychic', 'psychic'], ['iron-tail', 'steel'], ['crunch', 'dark'], ['shadow-ball', 'ghost'], ['facade', 'normal'], ['secret-power', 'normal']]","['normal', 'electric', 'ground', 'psychic', 'steel', 'dark', 'ghost']",25,1.0,0.7333333333333333,0.16666666666666666,1.0,72.66666666666666
166,donphan,phanpy,"[90, 120, 120, 60, 60, 50]",physical,['ground'],ground,,1.0,"[['hyper-beam', 'normal'], ['strength', 'normal'], ['earthquake', 'ground'], ['earthquake', 'ground'], ['iron-tail', 'steel'], ['facade', 'normal'], ['secret-power', 'normal']]","['normal', 'ground', 'steel']",27,0.675,0.8133333333333335,0.1,0.85,66.53333333333333
167,pinsir,pinsir,"[65, 125, 100, 55, 70, 85]",physical,['bug'],bug,,1.0,"[['hyper-beam', 'normal'], ['submission', 'fighting'], ['strength', 'normal'], ['earthquake', 'ground'], ['dig', 'ground'], ['facade', 'normal'], ['focus-punch', 'fighting'], ['brick-break', 'fighting'], ['brick-break', 'fighting'], ['secret-power', 'normal']]","['normal', 'fighting', 'ground']",27,0.3,0.8733333333333334,0.1,0.9,61.93333333333334
168,heracross,heracross,"[80, 125, 75, 40, 95, 85]",physical,"['bug', 'fighting']",bug,fighting,1.0,"[['take-down', 'normal'], ['hyper-beam', 'normal'], ['strength', 'normal'], ['earthquake', 'ground'], ['dig', 'ground'], ['facade', 'normal'], ['focus-punch', 'fighting'], ['brick-break', 'fighting'], ['brick-break', 'fighting'], ['secret-power', 'normal']]","['normal', 'ground', 'fighting']",27,0.675,0.8933333333333333,0.1,0.9,70.23333333333333
170,rhydon,rhyhorn,"[105, 130, 120, 45, 45, 40]",physical,"['ground', 'rock']",ground,rock,1.0,"[['take-down', 'normal'], ['hyper-beam', 'normal'], ['strength', 'normal'], ['earthquake', 'ground'], ['dig', 'ground'], ['iron-tail', 'steel'], ['facade', 'normal'], ['focus-punch', 'fighting'], ['brick-break', 'fighting'], ['secret-power', 'normal']]","['normal', 'ground', 'steel', 'fighting']",27,0.775,0.8133333333333332,0.1,0.75,67.53333333333333
172,glalie,snorunt,"[80, 80, 80, 80, 80, 80]",mixed,['ice'],ice,,1.0,"[['headbutt', 'normal'], ['ice-beam', 'ice'], ['ice-beam', 'ice'], ['blizzard', 'ice'], ['hyper-beam', 'normal'], ['earthquake', 'ground'], ['crunch', 'dark'], ['shadow-ball', 'ghost'], ['facade', 'normal'], ['secret-power', 'normal']]","['normal', 'ice', 'ground', 'dark', 'ghost']",26,0.875,0.7466666666666667,0.13333333333333333,0.85,68.53333333333333
175,walrein,spheal,"[110, 80, 90, 95, 90, 65]",mixed,"['ice', 'water']",ice,water,1.0,"[['body-slam', 'normal'], ['surf', 'water'], ['ice-beam', 'ice'], ['blizzard', 'ice'], ['blizzard', 'ice'], ['hyper-beam', 'normal'], ['strength', 'normal'], ['earthquake', 'ground'], ['waterfall', 'water'], ['iron-tail', 'steel'], ['facade', 'normal'], ['secret-power', 'normal'], ['dive', 'water']]","['normal', 'water', 'ice', 'ground', 'steel']",25,1.0,0.8133333333333332,0.16666666666666666,0.9,74.86666666666666
176,clamperl,clamperl,"[35, 64, 85, 74, 55, 32]",mixed,['water'],water,,1.0,"[['surf', 'water'], ['ice-beam', 'ice'], ['blizzard', 'ice'], ['waterfall', 'water'], ['facade', 'normal'], ['secret-power', 'normal'], ['dive', 'water']]","['water', 'ice', 'normal']",20,0.675,0.516,0.3333333333333333,0.9,59.806666666666665
177,huntail,clamperl,"[55, 104, 105, 94, 75, 52]",mixed,['water'],water,,1.0,"[['hydro-pump', 'water'], ['surf', 'water'], ['ice-beam', 'ice'], ['blizzard', 'ice'], ['hyper-beam', 'normal'], ['waterfall', 'water'], ['crunch', 'dark'], ['facade', 'normal'], ['secret-power', 'normal'], ['dive', 'water']]","['water', 'ice', 'normal', 'dark']",20,0.775,0.7293333333333333,0.3333333333333333,1.0,71.34
178,gorebyss,clamperl,"[55, 84, 105, 114, 75, 52]",mixed,['water'],water,,1.0,"[['hydro-pump', 'water'], ['surf', 'water'], ['ice-beam', 'ice'], ['blizzard', 'ice'], ['hyper-beam', 'normal'], ['psychic', 'psychic'], ['psychic', 'psychic'], ['waterfall', 'water'], ['shadow-ball', 'ghost'], ['facade', 'normal'], ['secret-power', 'normal'], ['dive', 'water']]","['water', 'ice', 'normal', 'psychic', 'ghost']",20,0.875,0.756,0.3333333333333333,1.0,74.40666666666667
179,relicanth,relicanth,"[100, 90, 130, 45, 65, 55]",physical,"['water', 'rock']",water,rock,0.75,"[['take-down', 'normal'], ['hyper-beam', 'normal'], ['earthquake', 'ground'], ['facade', 'normal'], ['secret-power', 'normal']]","['normal', 'ground']",30,0.2,0.78,0.0,0.75,50.2
180,corsola,corsola,"[65, 55, 95, 65, 95, 35]",mixed,"['water', 'rock']",water,rock,1.0,"[['surf', 'water'], ['ice-beam', 'ice'], ['blizzard', 'ice'], ['strength', 'normal'], ['earthquake', 'ground'], ['dig', 'ground'], ['psychic', 'psychic'], ['shadow-ball', 'ghost'], ['facade', 'normal'], ['secret-power', 'normal']]","['water', 'ice', 'normal', 'ground', 'psychic', 'ghost']",30,0.875,0.6066666666666667,0.0,1.0,61.766666666666666
182,lanturn,chinchou,"[125, 58, 58, 76, 76, 67]",special,"['water', 'electric']",water,electric,1.0,"[['hydro-pump', 'water'], ['surf', 'water'], ['ice-beam', 'ice'], ['blizzard', 'ice'], ['thunderbolt', 'electric'], ['thunder', 'electric'], ['waterfall', 'water'], ['dive', 'water']]","['water', 'ice', 'electric']",20,0.8,0.7266666666666668,0.3333333333333333,1.0,71.73333333333333
183,luvdisc,luvdisc,"[43, 30, 55, 40, 65, 97]",special,['water'],water,,1.0,"[['surf', 'water'], ['ice-beam', 'ice'], ['blizzard', 'ice'], ['waterfall', 'water'], ['dive', 'water']]","['water', 'ice']",10,0.575,0.5826666666666667,0.6666666666666666,0.9,67.14
185,seadra,horsea,"[55, 65, 95, 95, 45, 85]",special,['water'],water,,1.0,"[['surf', 'water'], ['ice-beam', 'ice'], ['blizzard', 'ice'], ['waterfall', 'water'], ['dive', 'water']]","['water', 'ice']",25,0.575,0.74,0.16666666666666666,0.9,63.43333333333334
186,kingdra,horsea,"[75, 95, 95, 95, 95, 85]",mixed,"['water', 'dragon']",water,dragon,1.0,"[['surf', 'water'], ['ice-beam', 'ice'], ['blizzard', 'ice'], ['hyper-beam', 'normal'], ['waterfall', 'water'], ['facade', 'normal'], ['secret-power', 'normal'], ['dive', 'water']]","['water', 'ice', 'normal']",25,0.675,0.8333333333333333,0.16666666666666666,0.9,69.16666666666666
189,salamence,bagon,"[95, 135, 80, 110, 80, 100]",mixed,"['dragon', 'flying']",dragon,flying,1.0,"[['fly', 'flying'], ['fly', 'flying'], ['headbutt', 'normal'], ['headbutt', 'normal'], ['hyper-beam', 'normal'], ['strength', 'normal'], ['earthquake', 'ground'], ['fire-blast', 'fire'], ['steel-wing', 'steel'], ['iron-tail', 'steel'], ['facade', 'normal'], ['brick-break', 'fighting'], ['secret-power', 'normal'], ['dragon-claw', 'dragon']]","['flying', 'normal', 'ground', 'fire', 'steel', 'fighting', 'dragon']",25,1.0,0.9666666666666666,0.16666666666666666,1.0,81.99999999999999
193,regirock,regirock,"[80, 100, 200, 50, 100, 50]",physical,['rock'],rock,,1.0,"[['hyper-beam', 'normal'], ['strength', 'normal'], ['earthquake', 'ground'], ['dig', 'ground'], ['explosion', 'normal'], ['facade', 'normal'], ['focus-punch', 'fighting'], ['superpower', 'fighting'], ['brick-break', 'fighting'], ['secret-power', 'normal']]","['normal', 'ground', 'fighting']",40,0.3,0.7999999999999999,0.0,0.9,57.0
194,regice,regice,"[80, 50, 100, 100, 200, 50]",special,['ice'],ice,,1.0,"[['ice-beam', 'ice'], ['blizzard', 'ice'], ['thunderbolt', 'electric'], ['thunder', 'electric'], ['zap-cannon', 'electric']]","['ice', 'electric']",40,0.575,0.7999999999999999,0.0,0.35,57.0
195,registeel,registeel,"[80, 75, 150, 75, 150, 50]",mixed,['steel'],steel,,1.0,"[['hyper-beam', 'normal'], ['strength', 'normal'], ['thunderbolt', 'electric'], ['thunder', 'electric'], ['earthquake', 'ground'], ['explosion', 'normal'], ['zap-cannon', 'electric'], ['facade', 'normal'], ['focus-punch', 'fighting'], ['superpower', 'fighting'], ['brick-break', 'fighting'], ['secret-power', 'normal']]","['normal', 'electric', 'ground', 'fighting']",40,0.4,0.7333333333333333,0.0,1.0,57.33333333333333
198,kyogre,kyogre,"[100, 100, 90, 150, 140, 90]",mixed,['water'],water,,1.0,"[['body-slam', 'normal'], ['hydro-pump', 'water'], ['surf', 'water'], ['ice-beam', 'ice'], ['ice-beam', 'ice'], ['blizzard', 'ice'], ['hyper-beam', 'normal'], ['strength', 'normal'], ['thunderbolt', 'electric'], ['thunder', 'electric'], ['earthquake', 'ground'], ['waterfall', 'water'], ['facade', 'normal'], ['brick-break', 'fighting'], ['secret-power', 'normal'], ['dive', 'water']]","['normal', 'water', 'ice', 'electric', 'ground', 'fighting']",45,0.875,1.0,0.0,1.0,77.5
199,groudon,groudon,"[100, 150, 140, 100, 90, 90]",mixed,['ground'],ground,,1.0,"[['hyper-beam', 'normal'], ['strength', 'normal'], ['solar-beam', 'grass'], ['thunderbolt', 'electric'], ['thunder', 'electric'], ['earthquake', 'ground'], ['earthquake', 'ground'], ['dig', 'ground'], ['fire-blast', 'fire'], ['fire-blast', 'fire'], ['slash', 'normal'], ['iron-tail', 'steel'], ['facade', 'normal'], ['brick-break', 'fighting'], ['secret-power', 'normal'], ['overheat', 'fire'], ['dragon-claw', 'dragon']]","['normal', 'grass', 'electric', 'ground', 'fire', 'steel', 'fighting', 'dragon']",45,0.875,1.0,0.0,1.0,77.5
